{"file_hashes":[{"block_hashes":["kVgikA0gEesx6aOl8TDTn01Qaui7Oy/cifUyWWXAMJE=","eSRlJedVUBjr7XEuWThY7s1y1lospSql/BnI8+MwZCc=","cgF8ErJD/2fHmybIt4VW5sCzUlTjHbvIRhqmyuy2Bvo=","dD6RIqGp0IBtYXh7D5p8G2Xk4an9Fu3S81JkS+toJtc=","7OPHwvf3CdXlHc7qPq+tEmp0PcFAWuaFn7ZPfVGGgNI=","t87dAlkAIzmwXBrMAZnNR0dUWbi8hX/UjemvIVPciiM="],"block_size":4096,"path":"assets/images/coconut128.png"},{"block_hashes":["xA0pgsHNl+AI6ey54Z026mswfLTk8FG32awukRB1vgk="],"block_size":4096,"path":"assets/images/coconut16.png"},{"block_hashes":["BfrKm7kXdSFHXSpAfM1O/uvhgnkO2V7JnVoJjbiLp9w=","lRJqprBX9FUkhrndK4I9g4RRi9cTcUpiexvOrVqB/vI="],"block_size":4096,"path":"assets/images/coconut48.png"},{"block_hashes":["Zf0Q5Mz9sFR+DQR9sRQMC+MrPNoxikhA3VTZRrlhTV4=","8mIzY15gk1B2s/EehWN7CS4W2BvmI7LooAMNjRedSXw=","8H3CM89XgmQAnZRWt5ootqgXmUjBapM7aFtT1Q6ffeM=","LobrFkvC4WXd6AaQBdGn+WpxNTvjP5KIwql6yvPor1g=","hxx6lOAP1KxTMeDWplvIVeYly/JM2FkQNS2fhkwDOiU=","KaX95TB3k+7Ok3KY6zzZpUz7LsF4pq3jH6g5IZfrRuQ=","Lxx4gnb/h4M1AzvLZZGqIZx/NP41FeqkMBXykuSMveQ=","JGwJIORVzmWRHte6skgnKS1Qk7ilRpKnqzg/jeqG8iU=","0QR9tsQ09Pjd4fJvdI4JIEMNxAK/qQvqMzOJ6WdEnuE=","EqQrHjeu1VT0Whk0zhKxLk+VajcjLue44vxWZUIpumw=","Q5xbfzbxGPZQdQmYwZChbSCLVOLs1CLk0DszJPmJkJ4=","kZOkuEG8WnYijwx9hYkKvbH8VZwgk+wijnWnIHECFCw=","CNTOy4lUBoqqC45sSNGXmXrKdIcAnSHjw+lVSDjyeBI=","5uILsKc8Oh0jT7Ma0Xii1IHiXu3cRYIQUg1rRFAkzFo=","ZWafeYAcEG/PRRJbUVozBeIHHUp10oYAuBdlRRT6PGY=","J+NaG4RYt9YBok1s8ljNS8pI/uj5Ddz3G9kC8l17mZ4=","QmlzNO2TzpPyJLA7w3WxRAeFkpb3WqamtQsNsQ/PRNs=","Nd3PbRW4bDmvqkWSbla5yjcEKk5x3unyzwsoeb0z5aI=","qV0bkswmcwjtAWtQ+ioJ2LiCi7nTvacy7bHdF0YbEEE=","qacELtzY5vwg5JCKahmy+X9+TiHS82gOJwksuOEAgMw=","LT6+Loh8WRW4feSgDJXbnHm4a9w6mzyRCMdpaDY0yXY=","NqXWUQwf4RBzHUrDQAu46Yqg7LJXpQxqlEEBshv8Zb4=","90EHOc1fqndqGSImghN39HWv4tuFVnNXSOqBTRv+hSM=","eRVnnVIbvisFZu9LnKq6k0P5Ue2+DtHDQOcFescNOIQ=","eRuSJT13Zt+YUd6GdeiSD16EeLF+QhnUTnzhNT7cpHg=","xsM8cjxW7Ialqd1JUb/ej+WxP0N4LXl5DG9bKaGPCsc=","f6Iwou0CjY5bPBPHR5v32q8vHI+1w+1OE17rYcDjF7I=","g19QRPlcQx9VW6lX+zrsS0a8iT97YgfsMIZ2T7MrmIA=","1LzdDppOcYrt7pvvT6e1rLdjJXUqno1RJ/A9R914D8Y=","JoQt2r4O951ntJqWOfqA0p6XvrzbCokDN2jjJZCSqK4=","FXG/T4lK+G1iFNB6+/f38VThRXddh2wPUZMBAeGXc8o=","S4Rwj4rjQt6IXENexyfRgNqnAt9CR3ckynU2ka/Iz6g=","EF3MMeYDm7AD63ZBUVhM9OF1mI9gQs6mMu7dgHpbe58=","85YBa70+qp6XKlafAJ7GXoakW9nYfAd09S1F1/Wzw58=","WLFm0EzUr5GRxuzq7pAnjNMgv8OKvngE4SVl8j+OfiE=","CqigYAxgIO8DRgOQJkM7U3jHOQXSISsd3KhTHzVlc8Y=","eAFWGbpTVIMoodRlmZ6PGeIl3+xr3+rKPhILoDUOmdY=","JjbAfmAMM1iZMM4Kh6SY5tq0C5Hfa/Z2hE1FBLo3/b4=","Zu3qj0lOdPuZLyiA4yQS1pQ4yM27xOrLd13pJRIXFeo=","ViLR4HxREqml92d1cW3IWua2fObneU4ILtwC/eyYXPc=","KT23TXtkUWblWPow7tWRiUkuYF2/oYLun7LO8ZLaGqw=","NzmKJDZeTy1he4ywbPUKFypIIaVFgdBIpfmPjCh2GFw=","v7I1oskpJyCUgt4BNPQ/P5UfMmB/ABKn9m12S4BWJzE=","ZjaYqm0cs4GuyIPLVsVgkOOLvMX3LDswuljbYqWSHQQ=","EcBGmCoRU1Tn82sBOzREHpXoUd9V1PJtmLHb+r0Mvh8=","Vvg1mF/yjtRkOyo89+2SuIbBHWT6vsyaBO7blBEOHxs=","sNrhQePtOh3VzCUbHFSY0IeRXzlm9c1GtTdJnlK/9ws=","In8QscrtOlt2Fknr6RKXXbCnNqMOJ2KlEFFY9r+dol0=","w8cu2Wfk+ZHAxiEp+iz+KNRGVC/TdFk+RclqCSrqb5Q=","MJi1SjTT6LeKX0EQiyjMciXaoMs+jrQh9/YX9ZqJEP8=","IS4kxg3hner2gSAe3LDhyptjGlG4Z6Smime0eYbeKFM=","fzMv5CIJQFYRTdjBmoOGK0Kc5zKBbrkBxtpzWp+Cbao=","dMlkWX24nIEfa3rbu/Irpmp9Gr0trcdULJokjUfoBYo=","1uU+a39MszPxI6zSXuL/oXvOCBvKYmt+XjjRPY4BB14=","Kp5Qtys60nXVMDGsYX4Cu8d1Q4593uiKzX3z5itvecw=","aDvB8tYlbtCcWhhBG/Ldp4y5xXP1LBrU4vzaUBzAW0A=","nPnz+zL5C82v9Ieg9gGlb9pgh0qbrIO1Soxax07pvs4=","TUfjDDgXSPvA+xWe7XHz8NJ64mtyGHvOdamPKTJN7e0=","J3fg7O+MwfXrRPl08Hl7mC9zidABZudtH09Mtd3LRIM=","2x7Ld+p3bMA0Rz5nNYy9+QF9doCFPB07MQbCm1CVWS8=","jdjzJSvngvqSQuQCO2QbQrvYWyeYMJ3MAYA7T7f8biw=","hsGumWsfb81GIO8/Zdkcceo+X5tXiAJ53GXv1EWTw/g=","SX0JnuIHA+lQMC6jojN1UUJqLfN7ug7RJyTOcPFez04=","Y0Ke/2r4/E2ooToUcscI/Bf2WZk8iyetbicDqAI2VIo=","qgulTBzeYXAMFbTjenldUqwGLfdozq4HaAEeWsIJxYg=","SEa9nxvuYI9fMeNyEyJqnh0sponssabKOkwGZty8TA0=","6X4/mGEE6lukx7tqlYVSKkex6/ku1638lWu6D/bgBKU=","FE6/8uHd7OXNAjoZJN7Am9f9zV6c1T595jD3/8dqECU=","p4esoiPJKd0LuvEDMFqtacJVDLq4qoh/GTB+xGv29zU="],"block_size":4096,"path":"background.bundle.js"},{"block_hashes":["puktdfPrj06wZay28KuI2M7vsqhq2nYfAl5D0QVmHI4=","sJcpWoVebRTPWw8DuussnACFvTNtY6CGM8Ia5NM1/5I=","yduBLL3g/g6w0B2A4jcS7wBLQf3h/NfU9TsEnf03z/c="],"block_size":4096,"path":"browser-polyfill.js"},{"block_hashes":["zjzWKAd6q319PlMODudZ5To7TbFSn5iAaUfwtC8jZ/g=","bdKawiU5XJx8+gzPw+n5VPTcVkZhnUxaF6SOMRxzZsc=","lbNJUwur5YZJw/9RhryflOC3X/pPpGJD5G96bzyyylE=","9wU4sjY5cMd7+j4UTKzzRSuo+mAFmg4JkBV3aMm03WU=","SdutE+QpnQv4cQ3/UaqWv1uSd/LySwzIjaFjFgwXa2I=","ieJeYpQdL60qdua7cE+b23cseNOBNePfqetEAOkilBo=","4csDd8BjIYdUYW0k6TDATp0WrsG96ZcPh0/CP6qGWsc=","vRB1ulMMS1wgydVBY4RjQq3Kfi/kxSmv5zt0Z0tmYV8=","873m/6QTGCB6xwSjS/l7YtTB+zXggr0txM232YafwtI=","EHl/SUeVUZV0WrupHtR1wmGy2UggoNSyRba8ndhYgsU=","C+pas/IdkUgIpNCy0eNcQMP3B6YYrU6n6NRXfmhP0f4=","cbMRDyK4fZbMboPXZzibb0DRBwrVjPdOyfSAM5LGG3s=","1iyiHLO932z4jB3FP/By2dwqnYbf3EZoRBccwgK4j+g=","hb1mHTwS6RaCzgS/Pg+kpDvTA5F4plsrVTVfOeNSCk0=","N2JfyJ1CoyTDuJEWv9iN953rwLfIHlPPlfMZyorjmeI=","IwvCIVIRW7j/7/eaalh0Lr/0X7TRhXaF441ARmF6yrs=","4SbF1Pt1NaiHLkwAmS0b3Zh+h0XevoPi/8Lehme5iOI=","f5L0JQ69sbIcsFMAVEF80I9JVaMoBQoZdGck8rYcoWI=","LsidDTbRcwJCPVFkTX2CLoe9rvyISZb+jB4p/S8xioU=","kiu5V2L08TgJ3/601/ZhJbxOt/p8xmyqJO3OYxi7rUg=","uVR469sjuDYCgRl3q+mE0ggrQsGUzcwTv6Rg+QyGYtE=","hRXkxa27m8hQfqmtfUkUYGYSx42bHKYTWb5JSFXL5DM=","sYU08I4e/P/ul2QFw5Z8nB7iC3Sqrq5/blEPnXLR6K8=","SIeyhzbJL8cEu4+4fRE5xLICj9rIHgQcXRG+jP0gxl4=","sMFeAFoCtGDac4Pi04mpKpAHlw3QJNbFgY8O5PX2bMQ=","AEWKT2iMf0e7l1gVFe06GsBJU2yZOoioWl9NirbAScU=","yRxyLjbGilF+rHRyOuwdRULKAzNmlZPdXBUfuMZ2I9c=","bj0ownJD3dZ3cPXVIk2FcGyb4PFPt6V+JZAkqNa1Haw=","4o41xP5jg65gC1wyEKiVfeV8VqYcnKAOx+N617+pYRU=","32RrzIsdJoTyRXqzFlOWqA4oR5VlE7kIAYglZEqMDXU=","WRoEFFJ+qENVRU85v9iuJTe8D+YwqZ54PAH6NbeE+xU=","QMQjAGLNX9GDYS3IfPBmXUp4hb9kNj6Gs1+RtwGZA/o=","utN8AIxB6izf66k6Gp5HkOtYklmhWYqZjx+zPpBzd2Y=","wrBt3QpZkR4aLuQH3y7ta2yfHzVGvlvGdsyKAVgNg28=","sBsus/fC+M5s86dc/6nW0MZIWZ65iWajm/JMsq8xStg="],"block_size":4096,"path":"content.bundle.js"},{"block_hashes":["ybEzZwy3H8Gl9QOPlBvgQPsi7hO+BiRTlElK7SZlmlM=","wT22HKtFCR5LWlIZirVhfwbN5yeTkA+uah2rCM4BWzQ=","uSveGahz/ZvEXpIGiL///njh8vveo7h/zaVVS7xWvEk=","HIRAidgp4zUAlnVDAisZNgynU270qxoWx/Sy7ExdzRA=","G3bA6aT/1804W28cGTTCfbrh5iO/Lg98INS2hj+O/Wo=","3ozvred/LFH12+kfj2VhK+MUXkAB4/YDliP1esdMYSY=","LRZhIXBcFg0ZGH3RDlwErLfI5ao1C5GAZW61PGVJtUc=","s9P6TzXAAumPVvsc4Jv9BHt+937RQJhWCpd6gbviitY=","z3BDrwKJfTRHbNQ4wlPDy569EBDxbA9yra41gNujMQw=","P9KUl1xuxw9YJ8EW1lIp+JlSLt6UAT6BrwlnIymgaJ8="],"block_size":4096,"path":"css/index.css"},{"block_hashes":["HXB92LC0a4N53W/V6Hcw98DOWG2P9kNtiVHUaSe3BaQ=","m1t5KvUlQ2Yr6rhl7o7rYtPzrkf6aQ1JkErYVqy1MBE=","PH2VmvCVWhCLFMs3xoNxnMKoDFImoXrQTNFYaW62XGg=","3w4kkkvrkgURfufu/svV8Ch48xD8aBlEUiikDvnnIIc=","RdVff6Tnrhr88PcptesftOOhXraAci7x8kLGyohbeuw=","BBtdJJAX/407I8qs2ZAIwODs1lPZ8pHtKS9yEb1GmG8=","ZC1qZH5lrsdmzqOeEpnsULuDk+fMpKgBOe8IONtwS48=","Ve29/HItlJHvMMzrf7gvyipVDE4kNxbvxtTIiJ52boc=","SaH10iVQrhFYt56Kql99F/68mYRlaiOO4wy1xh0gIOE=","DXrp+6BC72kblRAlZkjM/e0LmgOV5DMka9aGqDTfVRg=","Dcqiiw7+mCrG/oXWXYvg0+t6UjZZ7Z3OgDDVVxC6y/s=","gfKp3vTa89k/CQ5PSsXrqR9y34J1W8NSBY8TyI0FP/Y=","aiYVB/hrebsEZ6s2BMWxxxudC3O2RdP7ChSzFqwJJqI=","KkoXJORFf2MtOvgvDab+LvT0JgcXe4q6YtPptQ7Q0BU=","AxxVdWRZNwrUBmKDP8nwgFP1WITy0lgGLL3StCxblpQ="],"block_size":4096,"path":"devtools.bundle.js"},{"block_hashes":["06PsJ+mOKv5GNsmCOb/qvlUyAINNjMOHOFpLLL+KyPA="],"block_size":4096,"path":"devtools.html"},{"block_hashes":["1bzzS7/57IPZuivdJJgcZBu5FzHgxWqd91sfzdNdvqA=","905NYkhRCrdB6+Ou2eslidPyVBHLbYp4logf6klZl3A=","vmedNkcjT0K6POluu2jV6Hx5z2Qm45HTL6/eBqRbZVs=","ikpjj422/17tcxcs0c7fODz3r1BBecCH9sQNX2lmHtw=","E0x5cpBd1GCV4xf6h54ucOKRM79OxA9LDrkiH8F175c=","5unr3imlzybPhhjp5vymw6yEOe7fHcIIRkGmDdVV3SQ=","fu2ZQJxXJaOzBqX2PgG4uKGxVrcaguKeTnXlXNIM308=","QRqeUZfvbfWXAyx4xyhuYUQ1+TwxIZWIiszpDyMzPSQ=","CSJtMJcrBjR3vmIF7qsSeobez6nVA4vDxi48eDhBKkA=","1TSMB2vc6ypXmvtdBWOCm6Jnw4iL8RVr9C7JawH+A/Y=","mVZ3E0uj51ROLuMY/2zUYS2+GXoBH9Qy9n1U5RA8xGM=","J7j1vLV5q3ueo2OsjzOlSy72PSEsQRFznVU84z865Is=","4zO4+mgrQU/TQ9UfNpRqmAeZI21gq+fZcOaKwzyfKnw=","2vYQK2gAS4RGU9rKwDNEwWeEzm5pZ7tmOzTlnM9/Css=","Eh4vuWoieddZpwBLgKbL8iNE6s7cHtWUL2gxyoVSRd0=","KMA2uFvpq/4RcZqHlzjF7WNlyOL4/fWcJzFp7Yc/qPA=","xHsAgQsPLrcK+KqMUgOd+tovfRKptf5abC63NrF+LN4=","L8UkA1HhTQHCVcnJaKhOOtY+TDtsSo9oCPi/Am7XB+8=","FZiyLf7bloiMt49OMHw8XK7PjcSeE+iN4My7p2T3+84="],"block_size":4096,"path":"fontawesome-webfont.woff2"},{"block_hashes":["PwsL5z5wjcJli4Qj5pMVAlcun9tJYt8b1ih1utePwoI=","IHiaLunv4rgVaupkCx9uUIx5iLs+CO5/4HqLB0Z9M/0=","CR9mbDPHQwpTYJl0l91dyE3W5lhX91jfo2+3qgtAfdA=","YQZH+Xu9rVeuloFXGn3wYxWumivTqqM4MLuoF+jTdHc="],"block_size":4096,"path":"highlighter.js"},{"block_hashes":["62M3vNll/6IA2UZUF1uPnrAExyF4jSKnPuoAqu3ELQM=","Kt7yXa4I7mVT/lRlnDMf7OnHwtyYw7XJCZn0/+ufv20=","mh4eh9UqiNRfOAzIgzevQTe2GTtgQtoRON1V0QZm4us=","Bt6Bct8RUPd+oPKXLuXsr+VRV84LWWEvNCOsieXz+0s=","F2KPMbNHP3kz4M2j7NSZC6OPvWGSb7GvDBnT4AbkZjY=","lHXnhdaVuyi7W6jVtPueCLhlp/qHyu+xEA151Elf2XI="],"block_size":4096,"path":"lato-latin-100.woff2"},{"block_hashes":["pcvO1W0tl+S1k+B96lOQDuStYDcHcLPLeGo9YZLhHrk=","56x3hsCSCD/ICEdpeK9SxWUsycKJWBDHvrLP7X8Ov88=","ts1Eti2WqFgvXTJLw9GvHIgrgciT+tjTq76QDVfRHo0=","IAeEpnfXbqJYjY5ansGof3Xy9TOb5aYfg6mTV6T7nS0=","GbutQmaY8JZeBglXtLXzdTR0a2TOZ4v5ejvw7Mx4Vco="],"block_size":4096,"path":"lato-latin-100italic.woff2"},{"block_hashes":["0RfBtc6ZGPmF0qkzgb2VQrEfyhql3I4A3hXrDAyBGmI=","B89pHa8fnQGDubfPARkT8szOBTUPr9kaAT9VS06/saQ=","5Mb+F/0hSPjzTKDuiyYjT+ezHz6wDH6HOY3LLZc2ThM=","Y+mHjnTG+/ynGPfVA8hIkNuvVX1dCeb4DnS+C5Lp/AU=","YKe+pMajGr1h+4srjNKWeIiF6kvicWbPDeiZLoy0mCw=","CVZthRlgQPxEIrfksF4v/8wBkRD88NrT/o2NfskQD4A="],"block_size":4096,"path":"lato-latin-300.woff2"},{"block_hashes":["60P7cWu/68qFjOnYvKkubLDhwOlLXvmWe4K/J4ITslM=","RIwKhYhFdcKlnfhm0sBUm9M7oqRqqFXd9B61GR8OujY=","tuKgPfAsToZVJi5lJ3RioSozEyvlrstaDD2PIKe+GLk=","Ahyt128qRqkxoWVxIukXQv22wzoz4hbBvEl73BHF19U=","Xob1RUaYvMSbxxW0VwCxBqlKzLsrT6t7TGD9burHO5U="],"block_size":4096,"path":"lato-latin-300italic.woff2"},{"block_hashes":["FdWxE/z/MJmBt7pNC6rQWqKm6/0zSA83U6ez5iT0V4c=","essB7CDjhQ84s3q8L2dyDVy9IIIsO+PzSSMtY+4PZTI=","pOsgWe9aAr3dwkzQy+QGPFHu02pnUr5W+VMGbOS28F8=","sgtZstC34gmJxgIyzuD22Xf+dHOFO7YLWsx2Ypx/1o0=","Ef56MMM4q28MVkc1Iw/YlaHQ+hq+zkLbo3AmsQh+Lr0=","w1YNy+9bTBvCxQzZRPSFmDCS778QRdSo9vFb9HnvBgg="],"block_size":4096,"path":"lato-latin-400.woff2"},{"block_hashes":["BUVsW3UVUGpP75VQYJEpyEeFDgbdGC8J+9INSTJAF1k=","iqj7eLsYFBHMbP+22jMBqUgKA8pdN990kfVOfZ3DXA0=","xWfXS3NDVfXiYOq06A1rKmnOXh0nFsX72ZQ/Z74iA/Y=","UH+3Cg4ie+32ttXN7kL5dWq/QwmYe8F/m4fQFoKLwN8=","VY88m+oDU61V6yq4fWLPnYtZNSwmbrRq7DwebJmsuN4=","LoePAAJK74OH7jnBK7I2R5/E4HAlR4cGcsNzZ1EZ8TA="],"block_size":4096,"path":"lato-latin-400italic.woff2"},{"block_hashes":["WY9gqoopYW5cNkwtSyyJaQ5UgSQRkT0N023EYgpeyDk=","v6zm2f8Gfm65JoKcEaw4pxIersBeAGUzlpv1nJJXHsk=","Dlcd6bqzpwiL0THcmRJGDIIpUvmg/BK2b0k3DSQvQQs=","Nf+omarSvfqVjxyCXuvL/xsV3Uyy9+Yj0MsiLZOebjs=","5o25jeGgTM81rStnC8tEuOpC5xcFXk4Gx/WaDB8bpvI=","mi65JoOzDaur7OUKQo7tFpl6/q6zmek7vMPrRUc/o3g="],"block_size":4096,"path":"lato-latin-700.woff2"},{"block_hashes":["U50CRK3+5cTaN899iTtrBYnCJMz7xIdfpZb2SAtodTE=","6BlEK0mbCVGF2AOEaj3Pbz0pFn4+yv0Ej3mF6YOLqoo=","uFbgI8rxSEY1FUuE3iDakRwVV64ZiOMEQs9XwMcQ/UA=","eGcr2A1v7hU+I4GbkfYO5JYbVBZl/UPtiguAI1WDbts=","zryLrhIb4h/iIV/3nRaMkpv07Cbx2zd729QnSqaLMIs=","IYlI7vlB78uG3ssGuXxqshTPdAHzaJudX3ZDtKx6xOM="],"block_size":4096,"path":"lato-latin-700italic.woff2"},{"block_hashes":["mN93wTSbzZ3nXzTADGGyvEhQrpfjl5duEver24yEJ5o=","3UKlj2CiLE9b9JVMtXfI3XlEHIpl5gvvR5guhfZeOzk=","ZRLlMf2sp4MibVZXg7dKOUzPXdGvsvBFhUYac7qz8UM=","GCJUjWyELtpFOpxebQNg7sVcRpcClZDqv4CEGFo962w=","lgKzPt63pwH6nyJCB7UYIpK/lKtC92A166LRjaPir2c=","5qbAfLUM81Mp0cajrswt5mYNPlD7PkQUae/u05YT2lM="],"block_size":4096,"path":"lato-latin-900.woff2"},{"block_hashes":["wKjwR8oR7hvIvH7rLif3HxIlDQMUGPDjumoSD0hgoI0=","SxLDsU2g9Xw03ujou04Lq5nkWv3x4aUVEcAJgUzb8Uc=","Z0HuvO1qUq9+tHN92GbKe2rKRkdg3kx404fyo6PYsw4=","2yd9L3anj/QguNhTTs5XQpF+dlcOqGrAaZbYHfrjeI0=","FQTzvDUYPeNYCElAK4bFuWzmu8V6j9CzgHGdJwxmUes=","zVw9tJ2SJnMqaf8Vfzr+B1iPPGRrItFBE2gT94qGUoo="],"block_size":4096,"path":"lato-latin-900italic.woff2"},{"block_hashes":["7s0nt2eOrvKdIeiFmROwfqxv3al6zO71LASRfvHaXqs=","OryJdy+yVdwT95bgyViSHG5amXUfFMWl5qhYgVE3e60=","oLmLOHLk/B5rS++rP+suO35ShVEdS+22hYqjmw311A4=","cu3FNDK0//Mruh9qJT3QE95DxoYBvuLUBAGlthzZ9qw=","6jpRirW7ms7i8i/fxTl0i97RunHcQfGhJku7F3IRaOg=","fUGfrZW5OpO1qZa9lOcYQciJ1+0T0dUN8PTR4giCV+E=","vYQy3Fz+Tzt2sJCgYoBmYdjUhmJO5GXX7y75/vSQEMA=","5ZuvXdhE53P1zW5HfjwkGwRxpzK8cXEl3ImuAGiQoqs=","pbnRYGbb0MP40ELpClH3NaVHUOL6fKFfDFmRFkAAEAw=","Kqt0pNum5TpbZ6jE55c4JaNP7JkTW2ii9isfD8xYx2M=","oUUnwDU2K2VpihDsai/4SoMtNaORXHrTgXL8RY6wviQ=","KzIyKLgq1XC7mZ8fR1E/xNjx3rS5Qgpqu9RQDjQ4emc=","po+a5VFCew8yf7UMD/DkXaF1KXYf3UcdsTHCIZchs2U=","82IP7l3VbSQ2avgQ1EZmTZJ4H+K3RhH4QDQ32aON6fA=","xx808uYSFmI6rgWyHPLQZn8RbxkXHIXE2vUs+xAABXc=","Od/pGVhmzeOdu7ok4M9+/2wddC/Kwajw3f+JPTFsYHU=","Eu0ItaIVv6gXDqdkFuXWfcr5Aj4eG+wJylfpqlq8i94=","RVlmu2ngdoeapTsgYqPqd9ra4BRVi1Ki/Z8+b9hT82k=","04EmVE4WJfUZmITfFG7pOCYvf0o24YZE2YbnmL0evrM=","HLliTEe4chhijZNIZ8U+VsbWEme90dsGV/Co5it1fDQ=","VyMG1sgXBnuUimwM5uCSDM95ARLNXTEBAHCIzXvVlSw="],"block_size":4096,"path":"panel.bundle.css"},{"block_hashes":["aolMf6WO69OLTbdledxyRsAShL8ZkZFu0he9HSWkAP8=","iNj5J/If+E75MJrRQXsShowy0sod+qFE7gSi6Ez97vk=","S2EJlxiYOKQT4rPctNHG7kEmwaT58PHYi5X92T8Vaoo=","SMCelE2eRqs9CFm+jqV8bfDPNQdHcOxUXyQscmvil+4=","4fmvN1YTv9+bxnqdDZV5jYH5+ggKwnI0F5RPP1Z1J0Y=","0ZbxUCY+uLhZIJ9bZIfc/piQIgDi11qobZALrsNWEMk=","hZFnB9/tAn1hgYSLRNIRUBG1cybHAHCFsOkPfkRqDt0=","c+Ox9pc3kiRxuNBXAhHBBgXhxFh1tf5xYosw1yzHLfE=","Z1s2nboHZrg8Ec00SXJFi/cNjqxk6ChC4MYE6LM4/jk=","3LjKTi4JdmI3XFzhopvtTJ1laHBVclijGPK/aO2m44I=","kuqmI7aXr8aEZZAZl8dzDdAgcAyz1nH4ketM9sOT6Wg=","7gaJlmQzrUG19pVEHsoQn2Z9xH6fA+bGkJ2ls5gtml8=","vi5vh7f+EFaoSZyuoumocwnRW7N38bZ/z5R2KMQMLTE=","0WP8HlC7ajQJ5U4Ig4aYRQ5TGfEJChK+XODLKlMZGZ0=","oHC9HPGH7IhoXkbQ22sez9KgX8CpUyucNTxMXp2Or8Q=","qRkdfFpL29KdLZjvQr1H/t++IRJVPuS2taa3e5kEaLc=","+z/TdZa41yx6eYnKxvmKT41YcIJRJTZ1hAnbo3yIAf0=","5IFvi7eof9O92S2XlsyAAPxINkIOaubz6QyWKW/uOZQ=","1hzDQcHKOBM8ScCt5wC0d9Zz+DVKeVg0WckkgIdKJLo=","muByAnNVCVH+gyYANJZJcaAUXsmGNEWe8BCBbulY0XQ=","a6wgFl99n6vwvOwa/6QP7ubQfAzIe50JiDyZZQE64qo=","37Aln35xzSce+OdDOsmzaGPTK2simo6jwaJVZaFdxU0=","FNm4C4dRCwsuqmjli027yP+F3XMcHNowmWaWkZfUjCM=","H2FSP53ixrc9zFZsbYocQo2IOi3vQf2i95iPrQQGFA4=","ah6atEzcRXvP854eSH47R9UL6DbU9D0sGZnkNYCnZiY=","d282Yyw5yh8KWmPdxynao+C6mP/AK3FolEOScgS2sdo=","j8Kj2BIYn3t3VknVQPi+AxLcCIkIxWojLdb1xuFfuuc=","jD7UPS+yihohOc4K9CBjZ2ImwP0RWruNr7cK684XDUY=","Qu1VyHVVrGi74PKUangYQERfhdj1v5NP4uGGFu3GlYc=","MvbT3/UgyOBCqnUP7RT5WU9ofR07wK9laNgxf2jKh8Q=","U1nmXuUuMh3FCiMvXh/KxRfFvTjAAnYK8l7hwAgkkOg=","d77hJpmE3jyNhMQvazPELwZ1RJwK5fjjVwrKCurOUIY=","2O3BaP2c46BljGqSeVqU+ASMAd5hUNPH3+hMNJmqkcU=","o0fPQKWbjLXM0mOCCUkEA6rOJmHttxPHnJZIOTEF4H4=","o549licztF7Xv/XfeWCBFV7jr6HC22V1AV+jlVa78AY=","0olh/q4LSsBYfXJdhqgdf3XBZrfDW/pIv10klMxXGRA=","+kG0fP6Ojx0K0U7TolDF0YYSUxuA3q/gzvbJhJG3kM4=","nN8n7tJq6qwNUlZwpyHo1tKZi6qSEXaRTSE7Mg2Kj2s=","qJmsU+PT6BCEai+ExXH7BzqaBJWeBFshL0O602oByXI=","svaVe7mAuUH0naQfz2B7Qj8/QsCAKWz+qmjQdxMeomo=","/WxwaElkHwa7Nmn/Jik1j7C+J2ykAjyzgr6vI+bOsiA=","x+6SN6X+YH4AR4/ss4/td/s3QCrBV9DcEJcJLP+BzJE=","fsAhzhab0N0cm3FU/Mkt8zOKGWHxOIytRK4vRsj5tVI=","+wXLkl+YFFTsSDNop+0L7+iou+qho6iop4sPExqMlu4=","7CeUTbqziZTKnsz/rV6dNr18pkT9AYIGYpWWuivKpIk=","66aiM5AZIkcbpr69UpSSSpGAeK5T6pxYr5cVzxOH16Y=","GNqCFSpACf7kofcqLwZmh4UgBkjy1wZ4wlejy6yXGBc=","xenUCg5oRfGDnL86dTQ8Ch6FuoxWrdmQ068VsPPrSb8=","mWf59hA0m2tQ6l0XR4feAex4hisV/0zpkUDVHLLTl3M=","zl9ZA85V95IhnPAJea1Zl3u0hnSdT3dGD3whZoslymM=","NXAZ3VEMCgAQjtRY6I7zZN4ChCGXUB60JPZwOL1PKSw=","s7phNd/t4Mo+asa8+ogYEaU59h0P+Cqt5NESt7VmdQs=","sbp8aac5RS+ZXXTBfNuuiPcRdzfO1IjSTSRBqaxg/7M=","z1J4v7MjFIyRBGjJfD4VwyxtOQvkTBIGfSV6RXe46mk=","XiTmYkSW0n67Gk1DcO1wGbqSqRC7+J0U+DCYO3VGPHg=","HV6hkSU39z0gk7TR9hdq8MrccamgF816qlf+xWUj5ug=","ZQJ6cJxQZQXMd4+UUdiaWssarKPZLZv41jWBOOvtMTY=","E/0aju/SJOvUaDqcQebB3KmMf9p85jnegLy4O3pJoy8=","a5mJPJPNqPugG7dRnbIQBQ3LZqgVOn17EMG0eZq860o=","vgy8VKz9/YcDBbKII4wykEbdyUzA0UJ00gVsHsbMm2Y=","JJpj30KFfJ1FupjR+X6GgMeai7Qf28UQI86w+MBrF2Q=","JScevU++bpuTd/0ex1oLM3KEsATds7bVSHmEoIeIEh8=","cdVSPDHVZ6Ghcj/x9Bvum6VmSAtRp1gsISKteYSrN+4=","6E7sXwEufJTt/ntthnC7KJZdJCp0+nw6i1CT/lwoZq8=","W9DQSK69wz+KuTNJNx/e4Yv/iLOQnh5Jgc+rJPOuqzY=","3unpfaJnXGG27peK7hDP14q6Tms0GYVJ9DmNl2LM574=","/63SO7uyPQuZjj8duosk7AoLqmY3zmFRK3nbHtszsq8=","iFKTD9X82Tv5hikbqvsi/UbEqcgn1I42FFwVjWXeIMU=","YNVZGI35dxR6Gjb0I0LELCN2jTvVhIp2Z07nbOp6+Fg=","c8KqPeYXOM5kKYxFTZgPQzKecZ5hMWLX/1t9c1Iyrtw=","N+qB0H37iIChmCgOls7+M0xE4+k60GAdXDZDoKNZT8w=","pk0Jr+uPBdFSrMWP93OtEXEccrVlARSX+LU5lwOgLyk=","YFOpsZaLIvCPuHSiD2a24zqn5+vUjO5PT0JlVD+criI=","NSbvW+6t2eQPBRy+LnAIyBWatQsHBdXE4l1cP3Bt3S4=","mxLVgorHD/LcJxQ/g6GhfzdtDBX9D5TfdDTYS0VVS4k=","U/ZPKux3FP6yO7NRHi7lr+B8CtOe9V5TwHDYGkAl27s=","MSRrWbjrgrccJjEQZOQCG3zgtma3rVpP7GpEuQxy3cs=","f1yNvgk6vGEBblO0Pj+CcrjrIsurSjlytUj+hPce/vA=","vLw2kbnvmPWAFGQ1NSFQqhm+YjufH9o0XSlwdKQ/T94=","ZUBDj4J6PchGcDWdJj9lnsC8lxENA5WLXBFnp2903Ig=","wuCST6Qrvu0ZRFlvJVSt941WwwG/oXYntSb8zaWeJUo=","9etqPa0ojnUDeGQYo0y5tjFYG3DqCFlhm+oYQ6HVEG4=","J7EJAiB02kO+tcpRpDsV4oACqcYSm83dC/Pp4qWFX5A=","/hNV9OSk/IW8QP4r7JyzOqW2HxKEvt/8rvZI0wgEWHA=","tZNCXvnwi8Y+NZFlMl5ocv6YVb4yUE6ElwrONQ3jDz0=","YVg+h7vAsUFyeuK/2GdELdzpAsbR05TeiNx+GMRt40c=","J3ZLiV8jPqtYokopubK+LHcsyDC1D2gk9EvWT26gfw8=","tQs1MW276y2PWx6fTvGImsOhgZdc+RxnbeqEZ0aughc=","dQuS1pek9LmLZefIMVgQf3fF0+jveNenSO4unXSWec0=","HHyQx8KmIl7MCgtcVBqpI5blmJNd0BQccaTtwN/kHHY=","AcIvlYq20FrVJOR8YentiSLsO1ys+TeGD6v32gw/HC8=","2Xoe6gskg02TfvYNZWgX8Oo3rDE2YdjPg/g/FlyeCeU=","HpT2tbvgwI3ialRlmzmXQsk0t/CFvI8Pui6WCfnCBu4=","FbnbLdMPb6q6FZUnrZnWD0TlDvpP6G5oxbo3jzv82Tk=","yXP6rcKC/9gKG8u7nqptIAyVawIKi7PHXnDRxIyi+5A=","1O8KE4X4Rg2I5UkQfsIzgapaIm6gcj5jwtZ7yKWIaZY=","BmVC6iBoDeMH5GOASYDNNgBaxmnffZ1L/ennTKp0SHk=","+0A7gSufo4n1aD6YIpTwRIz2XLMzqUM0OxhfFLK9ciE=","Zkcr2r30TUenZuESl8HzmJMBxlwtsXJQ84Hj4g1CW0E=","5k3EZHSO4nAcaBSU5zkfhzM5Hibq21HixrxdXF9r8n4=","xQdWd6YI8BbbBjOho5qZpk9N1aTEQfSF5vPbgBvHcUg=","+5a7zATihdnFZnaXO6ynPHXcqYEl1QtHkxUjyi1QAMo=","Ba2M92XtFL4gk5KArbcf23vJgvJznZ+Z0bTb3FkA+eM=","PdmkHk0mA2IS5U4Lsw/Sk7GOZBV/0seFkxmyfd9xV5w=","WcmOUlzWTmGs05/nWKzQHgWjW6aOxiOmFmboGJpmZJw=","Tq30fi956EMIOgKI3CgYUs45rVeVX2cF6aFwsiDUEyY=","JQUuVQ3svBbawoaybAelsSQfj0UOsd27MML5EsdwekI=","aYV5wygbLFISB5r1P6X9FMnn9gacgXUNL/Q2tDjq8BQ=","mhicJaAYOZDoLP1naNaTQ36jTKlf7FudDMo6xtwHrRk=","fJhaYbcwX/8J5frMH9yjCFgBsJhI8s6ofdGjog85pSQ=","D4oabUvZzrUDlK/qe7LnThfEbI3j+pL1aIaLSo/rcpM=","x7iXnnrI+C6k59wkYw80+RPoZJRJl7/BVwX3C1Mrslc=","yDOYRxqLrGGhHgExP+JocJtHRc8tpIfkQAVXfPdqtG4=","3EWx2wj77g8dYoVi5U1OW+v8ttNooqbn1y78P0hUBFo=","87YimTAuGDDdhUFiOijM4nzUxQkJTKOtwDaVcxv36c4=","h1I+gES3eAmUHq7x/hW+6ZT/OYsCWLs2ndKM687vxeM=","stWnlBrHIr5OsRGjhnLKt7HwM++2AvCNxGo6lYh3UGk=","yE95t3+Ca6f3cAS0klqZoIl208yA+uzrGT0b7mkSoNU=","CEvXM7hYuvMS/Y2hhr1t1e1Wkik+EQbDBz7864HTLBc=","s24e02xi1jzkY6BQ4uqUkitJVpM5Sm8PkZ+U1Xc1sSA=","v2cX1oXQ/TADHmUsqJYMcdiiA/3p+YFQRSU7WvBUv4s=","ngqdqTHDFQ5rm0cBwmKBywlWT2ftIreqYvilg/eE9wg=","1O848XCMF4Ys+BHkuOisvRgXphdB6g76MhswHXUbn88=","gEAX+C9YrJSR1whGWm3h4+rBHgt9uHnfvA4tWLLrrhM=","IiLNzRU6HcBwKxo7OwXVTgoSLBf0jqF0mXZLTVQtzkQ=","GoS5LFlUFxlwrK0EBVsK6iSvBupnEyWORzStUYWPgEA=","8SPphCE98Cm2Ys5HqVthl/SVpQJSOZcmGa0RnOmtOTs=","8ayTsehefgUihP/Trh7cgjjjPOk4TQGED8kIwn7u/LQ=","S8LUIljMNVVtw1omvWTcBAoOmk+VYwZFa11VR0e5XOY=","W3fud5vvtOBlElQL/pmKZ3AWTBD/QqtzkefWVkTHLS0=","4Nuxrcx8bm2HF8k6jMLqv9ROLaxAujVfEqXZ3ovsYZ4=","F5ZxlEZKzyJxlWUtW6iUsDuk5Zxjk3Iz42Wj7JAG5YI=","tCWpjtFfiuA7gkoIToGw4/PrRhaUXghjzgOX1ckYP8Y=","jn1t7PS7lmAX5v+4roT6jw6NgLGAwQ/O+HHS5fQ2Z4c=","r5YmdqhicEjH2ENLw64sHs0wcfocgLDlV3FIZE7J9Rs=","LEhZjV7WSW8/JFvV5rrepaJrOZKl2BRbmdT/3e28hLc=","cfElwdcUDirUNNpwzWNLxxLfw0vE61bZnD1GMWBLQVk=","Ytc4ppPgPyugAUjRL1DT1ItZTQxtLcCYXQET+9459Ik=","je2HoPALxzi2Qn5oRKLkGyq9UmHgyH5um022tZLQ2og=","CcS1nAl6SPYs99Rz/ZpZgd8HXspzwsj6bNl6Q7mKa1U=","P9hpTg4zUt117AfY9IpXF+Trvg3J6YvI+EjW2w8P/go=","NM4CsNx/BFXYhUfjudIPvwrrAO0Qt6LMH1SOQd9gx1Q=","LogobDVY2bXyskdG2rN9wItMyBeWAM1df5B9UC521jU=","Z+7+Yigw65KDOcT9dzlFxy2ehhUukfcYovjvpuEMyjU=","gO+nvAHJYDxmR0fFkdV+gvJ+Ih7brX7Rm+6HuX3iVV0=","/eKGtnU3rRbjG4Qo+Kk3DuybE4Rt/us8r20zT2MSo20=","j6VX2qvP1MHDcxCYWUWTuGoLpczZUck3z5hWApqtex8=","rz1ivsnbLwC3B/9TehZjpNqWJ992ywJX3EPvuRVYCJw=","z2i8JFeZuqIolp/xfxD2jgTap22txyYcIzIsXKP4KDI=","Eu/aI7gG82xSA2uxFy8xLui34Xi+zRs/ottt+qVb6io=","GGEAXaephbDY1wC91+T+a9ngntknJmNHvahw03qrWKI=","cT2aaWcMHgEcvzjn2LLanRWOXVbH61sfVM8SC2kO/xU=","QhH5/YWRuYqAIag2Tr1bLsT4684TRxis+Hq+H3TNHuo=","9KphePYJ74xYT3miJl67IFf9eeapjrOpaCiCaqMZv78=","r+YGOXDmhVl44x1Hewe9U7vVRj4Y8TAVP2ii+ZZXWO8=","jaSKLvC1dRUabwx7ucKJcXgrI3eevTt4BpH/38C3Pyw=","xPhlqcvLlmjPtqhpc4iQ4cuYCzTkYoiBEdIk1kgzOpo=","q53FmRmsbjnrmYgN83EfCNB4OtCdMkVyx1bZu5Eeg50=","GANRCfWoIezRYchRWr4WECMFjD1P8o0BONUyP/EGRfo=","BaXjH5/x42gBt9N9lAggZA4vdgkkxw1ITcCdlNO5uSI=","2WkdiLmoJqwTbeESLS7eLCgt5CVK4Yv8rjURmVEnRc4=","mbndFMHb2Nd0yO/kKEgfA/p+rMfGAE1eLe0nFzg3OVU=","8q+oGewJZ0DwoQpP3F458aRYOl2qk6IxSVtTufQ1+Lg=","SfXVGLPLXduYuVtax1KLrQy3lVAwwtrx3zGUyPlL32s=","uxDcF7z63GkP3FMHCIBpzRsrT3xlI35ISGZ84aq0pME=","5S2rAv3do0ohxF5YYDfpsTm4Qr25rdvCqPnflQWkPrM=","9Wi8P7cBf2odLG7XmHurLLQ+8MoQAaH9VjGQqh0mWSg=","SsOApUPtbW8kV0gOOF2Pg8YypCpfkgPuPyC5WanPqIc=","a9mvExr5lYSSGiMGLVQWzx0anEnHN6Vrucv6tSVxDwA=","icOjd1K/pe8kyiZh2bHsZ33Jbq4f3Mq2ESJzm388wtM=","UAlM1Oxnetu4fCgvJmoH22RvjLhkqCQCTwWjNSdJl9I=","mbC4T+Ju3XZVrYSm5PEelOeucVLuXyBZciSsfeB3gTI=","+pmkrI/tXM2W1e6O/QNo+f3qKb/OXePy53F0ej6VDQs=","ZMBd5vLMPaaHf0DlFn8zIv8IK5wyKKcBrfPOGmv+3LE=","1ObtNBZ/1HtjYJhsuuL92Xs+tZVZIeV2IbSc3aoKB0I=","a6BQdtyYlTEdWrjAr7NcRUStqRmXjU1Anp1zYh6iBF4=","wIFrETydD3fzAWrlrn2oa6r20b9TeCrv8aqRfwzOwvM=","8r49XhZx2icFow5sTqK/E1RxBaLarb1zcqm1FFM8Nvc=","4TCV6v3w9hBit5iTczGM20at5FJJIZjnE67U6bcUaTg=","7500fqq5Y0loL/OR5wfr4B6I4RoWC3SiEzBUtzgauVY=","Uke9TbaWK5NprxicSNnw9o+Kf3+B9ZeKLIqRS1v2TS4=","jq/WvPpue9WgaQIDYABfXh/JAoUQnpOL+O66v8bYgbk=","32TpL22dr+0xEK9HsIitrlw9/Jw3xyxpkDckz2LYQNc=","4WAcFpEXpeX6pJJ7PR44FlaTQfaiScVRqRBgRWX93Ls=","htgtRXYZpFcNl17EC89YcVvGbEIh3Zt6WkY/Na55t7k=","WSF0rgW5S1vYPMgX0pdKQ9IVBW73zrQNrroMlq0uOG4=","ioqURYfiUI21mTNEK+R5XL7AvXMdyuaGM3G6tRcXpuo=","Bd1CBbmfZNytT84zvdHtcl4Lm/YtoDqTlnah4uL8/Bc=","FCVHvEwte2USjGybTHcj9G+6KGbnaJxuO4EZFs9Tem4=","5+tbnb/aaWgkHlIbPUoITehFU7skUjjNClG0HZNo+5Y=","LR4hn901WTPEVseE5W+ZqAftGT1T13/0/mhD4AYh8zk=","jPbCOuPyQt23Or5apcZfizxwSpWtIdBAgr0t2PA9lYE=","cNqODMWlmZPrCgWHIKVEXR3OwQIxMIt81az3Av/o4xY=","uu+7I+9dchhaSZ5gSPiXN/39Rlt9tkx683U5Pyzm1q8=","cBKtUQI+0ph6ShwnmSwiZkRQdwKodzHejk7fGcNnavg=","kM8gONFX/PPAPO07dJp6aTH5vx76z29COKlCthF7TxE=","znNcYGFSuYqF/UUjzfwHXMRvFNAQRVp7hgiSP/X+yjs=","/fcRqdEr2Aye97WHVsTEQNiDVvIVoAoG2NS8w+HVbRk=","Zexe49Egdizfi1pMg2UB4dHQiBqxTN3rxJkhX9qvKAU=","xEdRCQoZPR6MCN1R22VW3IIqA/En0yPtwBqj6CMDpTI=","0Fy+n7ZEPdMcp1HDUL+Gat3F+7cle3ZeSIjKvcrWaP0=","U0hbvYMgP6OkKM9k+HN/KLALXNO11xDijkDowJm0JVw=","BC5BNK7WvJHzhJjBC3Y40hCxPZeyO/+GzNh+tFnjhEI=","z7PGsKRipK06/ThYTbCdnApEu/D43GVBOtLlO3f5eZc=","eab3ruJi5VbGbOZGVQ6MJ68lyRJpBgn1ez2ddVh6ypc=","DyxuLAMgv8ucqiEWofTbL8WXA1PRUPLcsMlfpPSV5g4=","CBzPAvKpaA1+ne4Q5fDH6Y3lKpsy0WHa+HRD9c6IyPY=","WkyMJ7+OsbzHRuwviXKFJOYwbGAGQtX9bb6tom8SxOg=","IG3IUB8DRRE9NL5jMRqk5r6ZJgJ6WxF5XJ7wpco/Vng=","XbYxxTnR7IzJgPSp4DD4qk0J3DFtHPu6vJNqvV3BEuI=","Q8pal9QOwlsPLIz4ry7T/6VkFr0bgPskYkD1au2ktQk=","0F55sBsTnVcYj3453x3peLWvS6o5JkKyCBE4IZiE6/E=","1PD9S9pAI8Jwo9U32a+qZA8TN/pE7yuMzoJqUZ4rPUY=","57LqxDzMWP5cp6lSAMaFdpjPHFuKgATAYxMQmKTfODA=","MziOY+Z/CDVXAd9j1deMv57X4C0wpwBzDxUtC/xES1Y=","kek64MYLpzzgX7btJi+Nv0OIx6KmYRDBmSeQJ9r/aBE=","RugvK2+wIzzm90wiKEW9zLlVW6qQ7ov0dbq+8d9aMOA=","GYCp2FHGL1dwDGz0UVmth+4rlT5DG65lpaQ8MohU1do=","LY2C8MRnaIsS/t/1/bdfb2zFjIZb0nTd7ELsbokx9Hs=","yxVeWKOMdXyYIQ0AgmDJXLAPxYxhkTYQnpI6l9EIlag=","IjGZWsxXu1ahHxMkH6urSyyDIamXMS4dAYmgcTv3p7Q=","EJq/FvBEgW5NW91H2hFWQImNLnS7v4SKAvWHHGCH5Sg=","JgcWapHKa3CvAnIjCAFmM92O+CN4GBbMg+sUMG7CV7E=","xRDkIM0b2+RjSfdmM4ijqWS3LoA6/Y+FY00ndWvDD+M=","cRxwlKePy5AOk1T2Nr8p1VCidEkDLlVtamgft1oWNUs=","atouxUF0i1X/HIkCRfEVUnbwghJW+55bVN0U6mbYmJ8=","ygf+V67I8lbjhHRMbj167e9YE1xHxuceqztU0dcEhC4=","Ug+GVdCRSEUZMVikCSGN3vUxdz8iBN1TIjdGdZ3QcvI=","K6pEfGHRUZXDOcl7c6PQfhTeA9ZVqGq0gTTI/nzKKG8=","4XVh3j6YXoF3m7m3E76bXUSQsiJbiwCR08AHn6wq5Bw=","xGbAWTENukI5RvkddBfLnIi9sjEox6rb+XmQq4ggTbo=","OV4AZZhTEcu0kkdAMLD8UOjbniAoXLGcKF442oSBkxg=","skC05CA6XN/BKD3I9b+z2uwZvZsQD0XvJEZgkR8Vs/Y=","evlfaKb8v//PvanKDxEfJlLxzXcBVNXJ1oqyi/oBXEA=","jXR8gGhFyXrwsryp0phNbml1Szhim+rHp/uB+qt6cE8=","jxoJLfIDkGDTRaupeBCSryUYZq0hEOcsTepWnKvQX+8=","yUffjZsMOcI6ED2KDQyAYNCrivaxyvlp/I1Ycg6zqFI=","KZik3zKTndHHUojNoLU3gKM9GjYRyxzxfQl+HQ7CLls=","nZMUeDO9fKnKBIfgJM8ncIYyBV5Ckgo2KE3jRYdS3xk=","GyEzPGxYxt02MRhrglxSeZ9T2ldSKCWyaV92huaGlqE=","wzlt73yeXmtNVbc2z3FTvZ5hwydKmw1irOyoZScr4Ag=","yB1PQhFH1U4KQA1feVwYeLMrNAVbFnGPAvz/1uy+/Yo=","czt+sOj2VjPRBugtcqMkHpSvbsJ8AcWw5X/014Eeal4=","hBaSH+uc5KsdgGoRN+AwFRIcDI4F1ro/IcchBunV/04=","jpZi6Uo74+LQbMMnekM58g0xMb1llg61Brtr/eZQ7LU=","gpx5EkVfG9vivTO86lAonjLILjjup3Y+GoL7bolEtDo=","63e4JUeFAAqelg58ge5E5KJvJJi5dunBnWQpTqU7wuY=","A6cxiE8bNbDKUaf3JkctxGoKa4hhDrjsxRrxnul6sfo=","GdWhv2b7rG0qRXglHz0MCAoNEjurvepYJn05cyAWXXk=","zHrp2qFqdyRiwYDy3STau7HyaDGQvxl8ExEvHZSXaxY=","fCQkvLQpzzP98nnzzvNaTtGJp+ZiuZEedq/6NyLy9/g=","1P0+cs3TauxNSn+ige4pKHYTkIdCNkjR4zE+4SWZ8e4=","lHZbBf5/5H50uEcG9kgh55hfr2oV0qcoAFE+3+dvWwI=","0NDNL8AevwyTN3UtREXsq9fr+qeC9So9R3Z7scJJuoM=","KOkksf9wTBw4Cc9mgJyRLbbh5OLcC7SFnw4N+IxMAoA=","haWiMbcB+Owf5qlL2gDqIYwyykhL6nqEjubWSdm2i2o=","Pr9nXmXUz88PFR0KmS9vXyLdZdhznYQm8vpWowgB5dA=","wfXGibJYEZhM9H/rG4fIbUAi09HJMTu590pgXDPaOM8=","psY98oWb+7/ukU5vKK1Za0kVQmPeYMEHEc5SxcO5uDM=","1xZbQPV7AyVKjJJ6ekclR0FoSMaD5JsIdLdVqWTpMzI=","6HQkC8S356U6u2MbgBMlAb/hupadqlCKvMbCFeUTsVE=","zSu3+D0tTffcrVUFvqfAWLSMTEUv/LdRvwZfjf3LVmE=","4QMm2wMv/xObIGNLtTKCBFXXd54ywuVumCLujC5RYsI=","XnI0f6EgsvjrgTiNdh0WG5kuTKBjftpRacPBgcEPP6w=","ar0ZdS5WivwCMXgLExWckqrQQnqYnsqjZoItbLSDNcE=","V6cGT0z0j3m2I4o2Qf+hxL18Ip+zccZjpfpFlr0JnqY=","z4gcpLc6kt9w0NXFf00vePPJX6h+z0gPWoQ0WvTcqFE=","zH+ovSVIMkSOeex6dGT7ncrK844YVAAWypfEni3Gdkc=","/Me6AQX49PEY7NEs0uZgRDmXSrjeXMuGZwyj2IhqxQA=","FqJhrNNY/rb4l1loFTZ4or91LWjrRSF7HSYDRFfYHNs=","1CWIjlnNL6yZMwZBc/AqCLpjSDvj4MS5XMmfhxw7pKg=","PDWNaMyOv1qn52oB6hIyH0F0aX1QpcNj9oImep6ESyc=","WKbZ1LDmNHEikGb6uZ6oLNEYh6OFo7/637zoireYMtQ=","hMobnGJQifnd7aI3aUO3lojQPphv7V19ggKOr+XQ4jc=","gKHoDDzijnCxRhrdTMwpF/ahmLb7dxPGCgxgAQMOuLY=","lIMNeQq8rjruuTrhbFFyupS6rTwLsgvPOIP2VIYgJ9U=","4rNLgJbHT3EECijDrucj510A8SKfx4dxUy2/m4xPLNU=","Ed8t4gOU9a5fMlviFQm4RkoM4wwwW5lwYn91Gp6xi9s=","h4Cth6bunVFUhsiOiEfWE0hvszzVyKRg0kaBjvmdHgE=","QTU2vUeu+xKIgyaGwbaO0j3k6Xgn5IrNpTJvlaU1OgY=","d3/GrosL6q/nqZllR67C/trBU5MpU77bh9sZQnm7Wd0=","nzN3AxonlYuYNoCszyrGAZ2Lvi0feVsPWi+emMbuzq0=","ZwM1PBYlgmUJkPnT1aj0cMIY6LQ5dvgjeeFksMAtBUs=","GlqaXKjUqQAzUjPe5c60hHywlifaGiX6uF6oIGIq+8c=","4poUOAOGzW8LzWDjH9XS1ZO56hc//OhzdUixRfZJkno=","UQb9ZhCG86vAd0nmu/+evvuuZb6jZMxbCcEk+9qKA94=","F4vQxlpq5PRsosl+bZfqful8DsrGoT0wyzBiKtTjY30=","U563f0EMhPQiaMZEL/WgzbWp8UpAQmvZuYs/oGfLPXw=","grDpBFAyOsPLD4iuf5x7/tnbXUEkfNWN4yFge4NFXPI=","PYl/ILy1zAKfjeDN7TubaiWGdx63HA6XgCVovL0z/Rc=","/XCqOfnZbc5hagjkhgh01F6n2O/p/wXBwZuRI+YuEIo=","kx37SPhaXh3KVwaD6MAOR1MCXW9CzSyY6yktUosbb4Y=","F0zJLtak5qhoJGzG6qzgzOBcJ91V4ZQSaRr+eSNhMOw=","/F0+9B1hqy0Cp965QbEQ3/Dhp1f5fv1vSRZw9i4CYCk=","Z2uZjSJ3S7WIeiMsBp3pAHR0G7MY0oU5Nvrn5OSfYcs=","oQQ8UHQBLgI3zCUWtBFy/RAcbKFsjCU3b0nzGMcsKV8=","1Z/elX0eFGff+jznBGjAVZsFdTUELxXNt2jRh+4TdRo=","pjHlTeRJM8Cn+9P4mESseGOKhsaW0uboh6H0xTQhfrw=","oEK3LfvwHEZ42FZAgG39O0UwvVHWHETvUL6yMEXTnd8=","CGJS5wCVovKWR7SYgs1/up1m8703aGmboggIGKlsxpI=","SKs2FiFSSBnwGtUumzC+hGu2Q+0XnnRMr+au3sy5M/4=","4s/s0w8nF3Lee4lskQwDST2SaJOfuTL/RYABGSY2tfQ=","Y5EUnuJm3Uen9hV4ZrzcTMMTFPWFEftf36EAYeRarEw=","IhaTMWCiKfVGIEPm1v6UMIgShRCJt7Qg3mvKU24cqUQ=","Q8s+7+kuedr/YWBonfyx6JcGFutmI3XiWo4XAUV0IXc=","wlo0sL6XfIZL51j9T52NXGwCVBJf+YMKCwNezGfn8sU=","Wkcory+vmuzG+Y3rNL/nv2At3GOY+Dw1E99HyMmE42g=","ykkIFXE0yhuRa8DZjzOMh/NSkHzHegCQFqTfGyNggoA=","GyWNy2owWlTfh539f+4/CYhYj7q6zHKoO6GOgCxou0E=","FX4oDFcjtAuaKmYCKOhW9tZlKx8UyBiKhN1iwifXoyY=","PprlazwUfr57YW2GA0DZf+05SAx9GUkgcgjL38WP0Og=","BPutFMTRx4TME7Hy55Vlsepby07UcOdOPUOw3ppQD+0=","UWXESMFA2zbABzUQSwogY6FRocpVFPWwuLhtH/2/J4o=","9I7f4ie9blXwLYgNkakHpUzeR94CjFdbmshe4Ul+/dw=","1oZkEaF2XDvJj7FFiu5p/6Tp+YEq8wgW9BvWK49AOHM=","SgrQpgthITTgIFuOjUlOtNfSQP7dPxUV2m6RBX2KmNg=","yHiew0mUKhvs2n2r0z5Sgb0/KOyT1Kseh0C0VOvxosk=","zcRcOVbV110tW8DTWGyfpulEjTaLBopXmZL6RPvTems=","SjpMDdeB7BrQNElze62mXb1aaT/gUWTCvj3tnnT/4Mc=","fIZn/wvMdys7bDuGYp1ePuZgljZsPqC2+ztNz55ZVz0=","2bp24RicxaADGUAbqU2w9aNZJ1+nE64y2uFYGyNbOho=","ojyShp+M6DQC8XPOubPwSYVYKe7sio5/Me73+3KgLxo=","Ett/LjpF5PG0TdCFDooVt4Ws0d/ih/NFbkUa04RmxbU=","g/2GhCruq06jRef/5ZYoIHRrnKmik0AnVaDIvfcvV60=","fP4ssJpzRuoe/HtimsTWWLpqy43DPh4U9Vm/ioUAKiM=","SHaN+gvf1QkRaFrzQgYA2pe3SARPykYGxOG0UZZIfB4=","Sji5HsDTUEnJMpoAUAfgPMcCEmpkdOPr/rrosMc4Ab4=","dJwLBwTNS2F7yCpcE4ixP0z5ZFVHJJLQwQqyPpEKi/4=","vTN120GE4mJlAd5oHYEc4nb19/1Pyn/wIRTQtONsyrE=","mDQ1yvaNs1vM++6wtyrAWYAx583R2jLn2cGIcoXhgjs=","zlILaxdpAWZGB02fAGevE8NmBA4wGNM+TrqZx/jAOVw=","fzn9H0uFd9Sry5yXJgQdnROQ0cFzqhVBk5yUAbXmIt4=","vQePIwl6s/nUAJlagnNeHbbiSlTmWHf4zmVNMP7bg5k=","7nXIq2S8TMoB4jr51NZHFU3jUpprrxrtAle8pvGfG90="],"block_size":4096,"path":"panel.bundle.js"},{"block_hashes":["ib+rAJl7MuLgZdllU2EWpMMarnS8JztERmTrxSprM60="],"block_size":4096,"path":"panel.html"},{"block_hashes":["QMq2ax5iQ8QCSjswFrlYPCifeqwnpU0YmXlU4MJpzEA="],"block_size":4096,"path":"popup.bundle.css"},{"block_hashes":["Ofra9Eisa081FvoKnlZfs3GDx5lIfiHOYQDArPdOj6Y=","B0Tp5/cQTi4kSiHUS4KZCvKFoTAcBXegxq8VbXcgYjg=","MnevKpXZoM82JuHhTTl2wdBrVsCHgDVDrJwhCdp8dwg=","yj4kr2nwZvcdPxb47AI8paDSchBatuxA8OPmK2DVHI0=","kAqImb96QZyWbEMAsdS6tBZK1m5bFQ9ICgS/3MXb6SQ=","6mXccD58GIDCwtUIKfk1kdY9RZuxp7Z5UNx4/VTTHGc=","x4OOaNTtdhj3ytGnBCdZf8yewyegq+ofEtJIlopa8Xc=","H0EG+6hsfLCG/pLdu2WkZktNg/hKVARpG7uW9YQ3fKE=","tv6hbIYPqJRxCruA8Ok/vApR7IIyPquD6K/EvEdVi5E=","fhpE6Db6gJs1g6HtkJFjj0qsNdxM5/Pa1vUqlLE1zIw=","shuXg8YJyclEvLp5fELpE+EVO+uGWKl1yJYf/aQ4vsc=","S3XuMZGdMPhf+AVEtsEfeKbQRmehiv/SAL/t7gsysbY=","VtZL20qXPpAnaJdO4PYi6TdbD2NX+6DIvDcd8apawgw=","HkhYV6V6/oEZHF/ADHda4Id+eG7n3O16GxalWeInIQw=","LXkZOLACcPMh64bITIPfAO7ZtWa6V4J7ILgzgzIZV2o=","A0n9HMHZ6V1t6Ok8udicHA6A+PvMAqfz9bwjSXY44Qk="],"block_size":4096,"path":"popup.bundle.js"},{"block_hashes":["VTxGGkwVLMKSJB8YE/NjXSWxIfuUNgqevId8sjsnQ3o="],"block_size":4096,"path":"popup.html"},{"block_hashes":["Cg4hLIP9Z33voLQ+XQc1RiDlOIBvC8FAtry6JHZXYHo=","Uae+CCw3Duuzf/B8OwB0ZknjNRa3HpqQlNgKd2BVQ3Q=","E9eQMR33ICBqxHTnPyT7wQhrFVIV6PHH8J20Z02XRPA=","G9vFLeWgexB74KgFXK+KL/gnn2bXXEtVggqYu7t9PZo=","fvnLyj/jDaP6gZ3rrIFmwYeYxj/31UWeWGIflAaXfD0=","CwApeRx5yN5nNTkMTCwOstCrsz7CauW0l6zyQyUI4zU=","huoMfbEJQeFEAVVMyATNQXaj6y5/vbud3hMovBhduaM="],"block_size":4096,"path":"pt-mono-latin-400.woff2"},{"block_hashes":["xnxY22wI3UMSxK0M0o078LOlxxeIVa/8jZgvck5cpKQ=","fQcdpiUmGgTKevMq9DE5g2gf03T8Dfd0+YSTxiprnX8=","6CHuxQuCK1GAfypEwvEyEGkhyhv3cxCm+KVu0tU3zOw=","Weo7E46HWxx1fSy1pKOhllJ6gQEMpTaGTTJEPRpvN9U="],"block_size":4096,"path":"roboto-latin-100.woff2"},{"block_hashes":["4zuKBZbtBFqJBubpYnhBPZF9IUEVFmZLThx4JR4zoVE=","DKVEzoPDv1JLEsl1owwRTAXLdwpa1vRMmXsSSb485ho=","jPgf+4Hi4cbvthWDydWNmyGSXoFioKaV9R3zOLwUI2Q=","Aytl2553UG+EXl70S8lsWY8mG/g1guWvFARBvFSizL0=","0NjZpMrYMCpr5YZvOEcDzA0a+cJuUgWgWc0RFnI+3k0="],"block_size":4096,"path":"roboto-latin-100italic.woff2"},{"block_hashes":["wf1HReAvSZCgSI/y/XeCrprS0uCQ/z2R8L35l/SIi4A=","j1B90Bbh0CcAnpWkAsg8msthUEnTTuqlfEgE2ohs+aM=","9DKpd2YRqArdtzQ8eC57NEurJlJ2jcBy4cjcQ8cU/LU=","9CJOAMX1ueUFxG813yZqTOD11Z7jQQyg9b0YpZ5IKEA="],"block_size":4096,"path":"roboto-latin-300.woff2"},{"block_hashes":["azwSzp7Ru4Pix2KcmJbxi32dfk+Gi9aVNTNwkC/0Cb8=","/tvl3pH5y6npbIoByNcaoGeGNZBSKXJyfC15xFd8SM8=","XlS0CIDowDS9Eheea97VG98LJ7TEDuEv1zNYZlI/ywI=","8KsdQYBgNjPlF5iIkCFcBVQgBkCdXSYKp5XkpBdZ7Uw=","IOhHnlzRZCythVaPOlICK5RtdaU1xZT9hIWjxV903cU="],"block_size":4096,"path":"roboto-latin-300italic.woff2"},{"block_hashes":["nTmM38iT0qGrVwctPnkpd6j9ilqEW4ku4CXQE+gzNkI=","MWkfRXQXckB0pgQ4XNaDuCbCPjwaNsEyYXJnUVG/oMc=","nrYItJc2cpZkEtj4WnDnK3vBxi5EefcV3B1gtgINxWU=","YletQcUUj9rpCUw8rfyOU9WZjn8lunZKwvCyl1QBo44="],"block_size":4096,"path":"roboto-latin-400.woff2"},{"block_hashes":["HufeJXynd467FVejdUKYXKM3TSnUTuQ8I3Tgy0X+MUQ=","Ai6uDj7Ti/fcDsgNaC1ve1F1E0jvzaTT3xrIX89uwJU=","Cs9Zve+f8A2TNgKKSvMobwmHk3XtDZi7YqIw5S6MXWQ=","bbDxCAwSgotbSD9cznWbLP7mVJzb+AyZLD/vtd5pumY=","iGzW4Sxnagve69Tn4j1dPGyizt0Zwc/gqgccvBLLr7k="],"block_size":4096,"path":"roboto-latin-400italic.woff2"},{"block_hashes":["nDhA9EWSFYvrO9CjysioxeK85w05watNIKEF7CB0jck=","qhcbxNDFAWtsLUGc5tQ7gP/Gd9jkAK68SZjNZCtBKWY=","p+L9n2I0IrsRPgwoIhYxthv4ZLSe+6jNldOHzRrAY9I=","5IlC1KWvKj0cEVfMXfoLNd2z8BLQsMFH6zvljKKT1QQ="],"block_size":4096,"path":"roboto-latin-500.woff2"},{"block_hashes":["Du4HkvtqSSV0/1xlaXKRXlsHf+uZ7joJInlC66+5gDE=","eYw5L77GLTjryHXIJcfdflE7816NklT12WWMZ2L0OXQ=","ToQvGLYfzlfMPiEFYjurYKC0harAPYIb+ephDqBCefM=","Bkcr4kRdybMdtn+S5+X2UwM4pnc3gt9LO89ep5abp/o=","jDHVs3mPCXrZH4VIT1BJ2epZC/BdsiRezYt1qON2il0="],"block_size":4096,"path":"roboto-latin-500italic.woff2"},{"block_hashes":["rtXG99kEa62Xz8U2VeKusoRw7zzj29efdI2W5Aeg4FU=","9KQhbSMWtxi5EskVsThFh6QB+5AINQICWncUZ8t5/s0=","wsqEC0ly+uRgq/h9JF2cDe60HrteAtV2cXfAVqPtyCE=","jwid+2EWYzkuEP0upplTcHvNxLCbsQkXmAhIBKmadI8="],"block_size":4096,"path":"roboto-latin-700.woff2"},{"block_hashes":["ig8VvpgnekAYmExSCVfRWLZ2mESXJKWSg3h/MyvY3p8=","1SgsBmaCJn/LEnoF8RpDF9BKdykxFfWS8pzFDAIYFvE=","VAqXXhtYHJnXhUcnyMPwfcLpcibdUvs8WSmtEoNiq0o=","d1xyWwDjgaatkGVrEYBwnB0NAnIdy8mZB65kSjyVYeE=","AqbRxxmv0f2PBdwddAh0xFALxQ8XzJY5ae/HVA0fuQ0="],"block_size":4096,"path":"roboto-latin-700italic.woff2"},{"block_hashes":["x0LTchiesDLP0SQXoZ01NvvURnq/5OeGOd4iCuPbwa0=","4YZXdbvWuBign7sRh1yxOkaCxu8YcXn1yzbll4R55iw=","TLwfvSWNwYbuHAoUmREtw6HI+aNllVT93PUSdLB9T/A=","x1VU1VZm7lIwGVH9vAVGQ+VlEEivevnuPfOuvbn96cU="],"block_size":4096,"path":"roboto-latin-900.woff2"},{"block_hashes":["5vWN+9P7uZNTleL8UBMDKXemZ9lj8fQehaBtE3NqJ8A=","wZUXlKID4Yy765mEm+D3E8GPCPJo2+0RG1OlftdCIC0=","9CtvayMCXe7TYKTi11jNUJAd7e2zB5dXHJ+AZczKvuU=","TYpGNjc7pZu9dzUlL/Z2+SOYsQs8FBlxpuEKFnhvQr8=","FnHQRZWbncW9lTL61VdR1ISGKzpf2eQf4loy3EQrLJY="],"block_size":4096,"path":"roboto-latin-900italic.woff2"},{"block_hashes":["vIJpK9Mil2Tu5m7sZ8PyIX+eqLNKSzvWM8tXwfcZRnw="],"block_size":4096,"path":"schema.json"},{"block_hashes":["ybEzZwy3H8Gl9QOPlBvgQPsi7hO+BiRTlElK7SZlmlM=","wT22HKtFCR5LWlIZirVhfwbN5yeTkA+uah2rCM4BWzQ=","uSveGahz/ZvEXpIGiL///njh8vveo7h/zaVVS7xWvEk=","HIRAidgp4zUAlnVDAisZNgynU270qxoWx/Sy7ExdzRA=","G3bA6aT/1804W28cGTTCfbrh5iO/Lg98INS2hj+O/Wo=","3ozvred/LFH12+kfj2VhK+MUXkAB4/YDliP1esdMYSY=","LRZhIXBcFg0ZGH3RDlwErLfI5ao1C5GAZW61PGVJtUc=","s9P6TzXAAumPVvsc4Jv9BHt+937RQJhWCpd6gbviitY=","16VSV5PjT2aBxzG2XwkytRTUKSX1qMKIDBtQtWO2XVw=","P9KUl1xuxw9YJ8EW1lIp+JlSLt6UAT6BrwlnIymgaJ8="],"block_size":4096,"path":"vendor.bundle.css"},{"block_hashes":["erQhVnplN8NAgOh/iunLwamVMLjxZoMlhx05//GZrvg=","M6u/skSBEC6LHoYeUEy3+CfhpN5z6HkeXhW1ewg32DA=","yoGftG+tnVVuez6s4JfaQQKg/51Z5VN1Fwc5NLkunVM=","5mpP7KWDMgUv7UHMUmQguxdWHHy6CmNk2/BIrOhxn0M=","SKB+5lGZhE25ziF+hPNs/aBsjWOK9evZDfMUySbGESQ=","23nvgPIsicGBykxO+KSwq7djMRKIEGa6wqiVHQM/jr8=","Ovvg+6nBA4+H3V3OLq/xaN9COo4uJEcrTuEyfp+VyQA=","0azQ9ZECwnkISkLTIwQv9Gs2RCUja+5UUWCRS/ddeig=","3b2rpVy3hPF0kswa3kZJlSXmM3okgs93IZkz/Y0QJMY=","hA5a9rWOZCFR3KXfSdBzT9MRYk3RFllEBc71++rBYhQ=","ZJF535dSRKF7jUTBqt2AixrOLB1FyX2K6Yc3uf4nVaM=","2MezdEPkvg3DcVoXJlr0+c/gCx/WPz1A/+e5nFxGg2E=","xyoy51ocA1qaHq2my8Q3azci+4rsifMdK12mRivCHNs=","TjkPIK3McoMeef/5EoWVOiNa2oagC4W5WUuEX/RDulo=","NTUU47pYBvROwsUPTyBG0YPAxxps1AmWZh/9MRLpOaI=","NMPdodesnJ1DgcO7Bt+gWFO0LvmFYHIzupSkUtTQXJ8=","76gr15VrRJjo3eYyd5E8N4kubI+NCS7z7a1gTLxl82E=","iavybyaQsObZTHL8DCtb7LN3+OPrCU6aK27LsU/JZUc=","K9tJxbLfwyu1W5pe9QCCNiqiqD+cqJtBVd9l4ChJGGU=","RwTquSNXKGClrTGC9XtMmq6R4/1zUeTabEjPaEtB8ig=","uRv4RQA3FNjwJzr3lTWWP8fVNNJoUwdTC3a87+I5GO4=","pf3CW4PB7ddBLxQvZFeVwpxN1uQFa0mZ8cEn8+1r68Q=","usZ2AkJz63hu4zqkbMbMIth18V18/7HDQVpamLTd+v8=","+zwc9aJ0wD5hphYx8Qzr5ohFX7seZMtMv0S7AVtdFek=","DODbtrpIXDSw+6DK1SiOqQWG5nElvpH4exNU8wOmn2c=","EdakiuGJpFnVMq3TT89csp0gH120JF4n9DPPCSMiWXY=","sim6ourqKA8ahEQNWygG6dwqOAwUogTUdJFTdwGzCGk=","5IJPAEGYPy/GsJ+jsBhgAABNFS2sEsuKWqpyy+gdE+c=","6GinFecjukqSOpmMxsQe6KQr1Q5otR8y8Ka63AHh9Qc=","66cYZ9JvDIY+VJNK55q3FovQPxghZ7xda95gBmfXwtA=","v756CMsl5mZ/lHTyaXXBMXgdz/MU6cK2asQWjdUKBqw=","7PgBUnl0mgcvXiHnbdMbqJVdYpMmFOqhCiIXVxD4GOI=","vEVCrHQUT4YhqXbwiuyJCJ75jxrx1fMwIaUjIgQtwH4=","zPGgoqfGPMXTrZr3lG2QyPmfyhXehCN4q1fa74VBceE=","l4+L62JY4BikcYsugsRFoZ5PH3Xb9Pz/vIJCZGiRoYk=","T+slNEjETQDiYCk795sVJtpPS1U54ba/gZ8zqt2ZbFQ=","qAxN45SsDIDAfaz3TpN18GTGd7qgF6awY1m8nnOBrms=","M7A8B1pa+x68SYBJg7u+dlwJl1PiaJ3Htc/teB0LqmM=","gy9VS9aMKfr3aLN4KTUEaGlQFnkNvNJxZZs44jSg5iY=","4Hq1zA5aMu0UfBrBtl8+6vE8oVyhUCfI3fX+3dawFJE=","QuVC89prI8QvQY9132mFcOgZ4FjTfGWtNbaazu45sOo=","fzxfhXKKEs35sZYlZygG5mXyAsESxiOD5Bm1k0cvMWw=","H5iwrLGcM8fcEYX2+WbYqHzcrud0ipjrB7h2EKfhR54=","mhWyb/uZ1I5GMXUSHJnF6gHPEI5zGmXKYIzS7SDPGEI=","Omkor23H4z54zP3tem6XpLr8OxLXzJozcH+kMkWlYjA=","PFpSeW11p+CMUvmnxZSOS3lvcFrIYOb4dsSNRKKXPag=","sXsTd97k68Pde3hkfE4f6k9M87Vt/Mn6HW59Tj63Ay4=","o3SQIYI+6aprtKEP4fXwiE408UQ6GOpvcCQDKatJSZU=","4la+5QgFSYSkkBxUwnOlSlKrSsgL7IhsKxeUVahmhVk=","kDztPTr7qoE3E0Bky1EkPT0IzPANQG/woD4w1n2qVVg=","ow2SgsjZwOdn3GOjuYLaA+BZQFgJSWDgRlaqr8bkEUI=","Gtl3aV5IQDB8zRfgsN3hngu4r99AkSTFmejMQqnaYSs=","DRxwf+Fv6uV6pnwFtDdmDas2BacZZA+Wyy4gyoXqRoI=","iva79dnSpqcRqrzzwbQyRp7xcFGMzDtrRSnkcSJ+kdA=","3LW3iH/OOIMgTjsQ3akDnANZ19BSMM3WL1JZuX6Y75I=","R92SgL4u4BKgnKPV95UFmSn4ORn4y+8LG6BKTugfGNY=","DgP13ZUtp81n8sVrjxa+YmkfLSinRkkEEODXMy7lwCQ=","0O6Th19Moysy9JsDkMerqJpC07KVWHlNvDU1YEa/lBA=","wVciFUx9LAZYEcfC5quFU79Pr7Mk1Co1O5C5g+agSdA=","YPmkAAj26D95MEuRtQtH6L1j352OOtrRase2rc2/h0g=","AnjMoU1e5NUj4qiF/cfy9+aCtJwtcUOledNTNPv4YIU=","pV8dXbXBg/LnMh6/n3oWH1Aku6XZUWbdQa1mGWFkXko=","TRpubMtxAlfNW5g21zJrlR6CaPHSdPk9v4q7RJfngZI=","yTYygbXcR4fc7erzI32abnFJUwoMZMZlx+D9sOuQB4Q=","+O6a+13wCbyuuJG965aSHTYFcu9AIe7cnNqpx3tUPwc=","xMw06iwtjqQlRfv4fa3WoOAMc4Rcdac9y9k0ZyJOvV4=","fwJWwnRaAB9qlJQR0jEDx5EOInd1Ql1sK5vlNdJ1+5o=","Zmoi8cZUehpzJIyfTUITkEXA38I9X2Hnf5+k8pJ7jD4=","iGGbzRKn6U+eCopFK9pVYqmU2Hhh9AtHR8uWiF8/DME=","K+7a48shyZgoQW0sBhPWFRoIv/UO1HZqPFO8BX9P4fI=","SvvSaVncgg/f4rh6RO9U39VoefoOFMhRAG7+Vtfmk/Q=","Yw4KEVr5buTfaz31dgEnLB8LNv/1u4P/V8EnMhLqofY=","ePnX9UkU9gP2FBlVot78hqtZwY8JxRVJ4wCv6lBaOfk=","E3f/n3hmiyqOtHtHxRzTkkmjp/dY0MrBD+d+6+2H6C0=","yn6uv3fxj4TLlstekFVroDqOhXMpXsCfnBuuVra+ZZI=","41RF076gr25OqpTzxuSiGQIvsdoXnpbnYTmK4RV1QdM=","owbza5nfnOrQuG3YpbD1qPrvSGfB6otBANhffnHgvGA=","p3E8UTJusfl2xGYmVh6mJyJbuaYESF0OcEoiHAzpim4=","fJkgABfP0kkhCsAewknQg6kMeSLOix+BsEizZJUzXqI=","1na1P9pjNr6207N3DznNDroFbAg2eeTfi8gDu1FRaj0=","iwgY9KeasLsZQdkbPFWMAhVHDzYP/9eRqEjlxRF1PjI=","fBHSNSRC6UsUDuBWjfCRQCAddXIql0vBXcNQfRGEyec=","bKARmf40k8u242pUXbpWgnzsfGlWOuOLdPfzZykL9dI=","5zuBqYVuD0pqF64IPfUwQFaQp+7X+jX5q9/0jCpBmOw=","mq6G1onswEQR6U01ilUy0noMd1JLSIjykKJK465IOr8=","zC1ckoeYVkyMjmmGtc4wpo64M0crmaQIPvyyr3Vk2Xw=","sz3QHQ/1swwO2J/2tE4IeeScpdWdXgUZDJCsy3KTmM8=","wE2YRLDBBewo42SHxwK9oDVsuetaRatsW9GeTAaHN/A=","58vjSDxMQysiUplj0DF1UD91e6GdCyPolQt22gfoQuI=","GKSwrMlbk7DVJ5pHemtzMixnvvL3MXq2vDO7GgT3DDk=","ce2aUpH92jwpINDF4EQYl5M3TZZHEUiIyeB3BrH290w=","maiDBq0V8Cqpem5MacFqjDYlYJX5U6B2OIZVve2SM78=","NuhF3gKwm3mjA07FvCBlTazYiRqOy7SjC0gclY6kpBU=","4nx0wbEO8jnebk1zZL6po5kC9KUBSdHSbnpFAF7fJ4c=","yf5+gIH9WT7hbhr6Tn/uSMfxzG+VKYAaSV9NibRZcQ0=","HwxFY+kfDNc/chQBoudIUIjvB7Xtts5vXdhliJ7DiL8=","n3MlS2fOstq9YzbueH1Tp15OalXbfZCRbjAJxoI6yZo=","4RYTUHRdvNXI1wYO1uQxZfVPSUICqbP2WtlTiym3CE4=","4lDv//g1l14mhXSVPOOj5nuROg7TpRVSz0Tlj8WRqf8=","DDKPpAsSWuq1rJ4VuTSDvqNRYX+xngQ0qE470vNDMdE=","48/wHZXDN9G1zXce86tWuNF4G4hnnkMORoFFpWDicqM=","lyFvD89yk7CZ0kE5fiowuetL0tbS80r5wPzSFiwHh8Q=","Mfxip+lWfNhZDylS5PiP52Ni+S6ORBbTSAJoDE74044=","tOOszsVeyvLFVkXInSFwfK9R10vXylph7cxsbxJJ+gA=","rGeqwjASFfFvypRicF5BUIHMtkm1zkHQsHhXR5af3Ho=","jl+BrJbQVtYqp/dS7taoDyA9nrmpaJbtry1ncQEJvf0=","2Kwolh2lJmeXa/6A2pJJA3octyhnPy6z5s1lK/apVck=","ZNSBpPW6El7kIsd9f1vBHC0FO4OSFb0YFSo7V+itMSo=","qPaKE+Xk4vwRuckOqWutI8RR0753872L3+WRG9JvA4Q=","NS+fRyyHZ692G/tzZ99dBvZ+FX7rUGnsks54v1SbVbI=","68IuzamZny10ez/nJdm6dMHgxfthHX30f177CWKjS20=","SNcT4iD1iB+fbQDgR05zveSh5fnsua+dBghlVJuepeo=","ZN3sBgKVBO0yqae6hR9fRT70HalN+RDfVjMzdvoeHXs=","+nImNqyBMUvR0PLxdsfOvRhqv+xJLWPCdT3Uu/x3KkI=","F8nkI3VEMFxtvhfPLiEElOzxY1pYdBYYMFXaHWHeucY=","GJTs5r90Cu19FzjhUJOKft24Hnn6+mBRX2oNtefDkqQ=","G153JxVHykR1lP2R9dH+HIhobHJvcKa8O7GA6rhDXME=","g1DYLERRDEzgJLG/Qa3ewKZKjINfRbAHOX33qpVoXVQ=","dBEMvcYX+TawwTKFV20s1LhlIM9n69vap1fwePDDuR8=","EPCMyYc9LzA9tDo3e+4MiaGisbO9FUpmX3mTNVPpDPs=","RCDLm69T5/NCnkEWd6BKBgHyD8kf4Ya51v7/QQFJOiI=","o1m/10SM1Jyu4LkgK9Xi8HRwSui5WJ2W7sF8+EX7LzU=","i8AuyXpJIzUjXpXuf7j3abG035GueEm6zddRoEXLDWY=","hfvCvw0k9P3zQR/aajzNBgg6r8FPYNNFhuV6Hb9NJ3o=","AEU6wL7mARs1cilOHtUMxzM/LCrSDIIPYV0sg04iApU=","YUTw74wGo+WXpxlcJZwdDY0bdu+BEJ+M7R72GeOeqNc=","mLmEeYrkmPnWHgP++HG+m6r3rXZFjlY5zMKoF+sJPj0=","QawT6vt30D0tcp2fMA9LVU9UxS/0ulkF+gJKCciE4YA=","k0VK4JgTo5w1JW96jDUkPz0jIwUCqF4QUC15D3oAkHE=","dmVn3B6t6B/0R63zlkuNIRTqwh1sd9M+WQJs2pZXWpw=","4IByV5Biyq2pGd/nLwk/qMAjjFgbDiS4DC1O265I3lM=","9ZtMtQlT8Qb0zSi5uymk1ijvFMwfIvZaA9TRxVvn4yk=","Al24vjm7qdRkvuN5lw5T2k2vIb8W6X5Oz5BLuQi6FCg=","JSDOwrGcbVFp1VoCLi0PThC32dH5aZ27w+bv+ih8ySA=","MFvIT8mGDcNSW5+5FCasGZs5ah5s9zdoaQiexLAtJ6o=","rrRRSnPDQVUnxl0dCVcu/yOxwVqF3MHWIzOBsYB8htg=","wIQ+ZSeHWAixoX4JbQY2sUJnfCXRSDD1sI/R5oLfBmA=","K6AUoS7KWfBB6fvb/So2bMmaxkRye3Fv+A1XNCYC/pA=","6QH4oXcaws7+Nzwew8epG0Rau9py9LEWALjafocFJH0=","XMp3T9HKpf+Gwbn5oVen3vCI/NNLo8oeWCc/nVUkGN0=","MwQT3Pn59omQp9cO+7ZBBLEl/J3Suw6gitUFY1fZl2c=","T5l6KXFeHg+ZkQ4NmLImyD0gAYzaOFp9UvVjZxHsofg=","7525RyniD+lNx+BrR2MaXGRQAhSXUu+Pj6Ti2f/52tE=","jsP3DZI+TjWRRah1917BWOtAhf6P6/JAmkkLxFrGqsM=","O/b1FtVcErvcF3/0JRSMRuSF40cbyk/jrLbzCyfR/DE=","4Hxmwr2+T9UNmmtK3artdap627UQWxuRn3dPxeqC7cA=","u6o8juJEGVBHFjPK42hQjeeUaHy6AcLhXhqilxS09r4=","JVLqFgOvsCEF1QXd7jk+BRvNhU0JX0eIuYNWYAhOas8=","L7Zw+DzHYg9NUhtrgFLoWhn1DnSu7to1jzrXlvtIRGk=","pewaHCeOoBr1TMhzrU8Iou08r6MKIe/0Om7bpugdSsU=","J4aBIgPaawhac6s4zKJYDE/djjerEP/6kYJEI+vU0Xk=","QG9WXcVdg/RohJ4dZVwGn20FAvd4G5RK8vvg+RYO7j0=","3ssjiItAi0hlLRyBRlDhV5k/nGBaG/GAGeHTlbdc7Yc=","AjlMs9F0sNaaXPUpGswv3uE20FfgsnWvupNdyko68/A=","UyH8aZqNl5vxvT9Rsbtu84+UM2yH9qOMB+o4nNZKe4E=","QzCby4pm8dcNVLRiuE0yOQ8PO50emDM0w714dBw/oiM=","IwU4J4OlLczTvwTzkBtdgyTEOtkxIErGuLWdwljt6CY=","ZogJiV6VemMm1NRotBcnxEYEp4etaGMSN8ghV6/Isd8=","rWTP2dI4/CQCG7WSB3eLyslBpP3Gcafu6rQdsdbGFyk=","U4Aci6/Hs9g/sPLySbr6omT773lEmaOB9ABxM2saAKw=","g0zbZ7GVskbpXt7heCvhk9YLuv4r0rPosayIc/HS+UQ=","lfx4un0jjhBcAjIy+Gf0LxGqOcPM+DYwWFo41Qdi8HE=","6i9vt22fHlYdVo2PyifzZ2mW7n/ML+2PnijHfZ6v71g=","9HYAFKtO4B5BDYoKLqg3UyEfY0srJ63MgjZSgjn8B/U=","9qipZYLGUROrtpZ+dAR/IvOs/tGu+zGvOojUlxTezGs=","1yqKd+gPl02UgSmQ7EVgWKv1yrNl2podLnxxzxoaJmc=","Chw7+O8CHUKZoDyJdxvL2nWPUUFNfRiBunCQHEGYAy0=","tVk8oEmtsJuzJoUUwfERwpsw+GkpJ5UW3GIx7T9TGWM=","wUk8Cpjcn4xQML4t0lXaAp0rA80yNSwRgEuR5PToVOQ=","hqbzHKtYZsgCfIqtf9eG9LuJ4qx+ajoADaSVXNg//x0=","jCA7xRDnZrwDWauCZ8vpoEVfA5gAMl60iiCSUoJIvZA=","kNLRCPdXAvvC8EnHQwAh6+TpyWM17+UX48mLniEstAs=","ZqPmBlZ1sEoscmhIdyTHsnZwTWwzY/PvwbJjxUG9djQ=","4yZJPpc0qlHcNVp4rFLZZXLAvz3UXabQhB2+eFh6cx8=","68pz4MgBS1VB0P/VPe+m7LQEH+S/JjyjBCTr1NITjNw=","GwrXegQz09a9tycXvG4ylyONQ/YjhqMhq/PJWDoLQvw=","5QXmLA6lMQLyz1T0RpEVo4mUEp/ciLFgZ+9hbDPDepU=","szOkdwnoM2n3gYJ4HvqxeJxHug40YjciyeKg55PUI4I=","N1V/opmXl/N836nY7HEp8/MI1PYcyZG5yHq6Jqu2w5U=","MkAtQtM1i8/3VBk/pn/5ZMLKpxBQNRxIx7Q8Y0iLRdw=","5rItsgnQDM4ukr7NDapfLlycITdWMbcPrUqJKe6Pxlw=","HOhh1o4zWwg/91JNs1FhXSVblHdBbtZuhSY3d8V4YbY=","+++Dp2M6r47SYBixhxsWc+7isBkQU6qOrW71cfWImvY=","d5DcOmAqkPngDwp4Pc/Do+2+/lkvd14wxdNobW0bQWg=","swSMdVdsR5dfXuZPkSOr/1oA6ISPsazejMfuI4ygQQA=","WW4kxAI84blK1WBMFhcYLAlt8tGiKa5TnjuXCfNORHs=","8G91P47Knq1Aca1NHGi5QL3Mmo1qh3nH6yDFXqGaqxc=","AcFhmFf1LMMlsOXYHlce4UywyAizLAOm8YQF7dbUqH4=","z8pAWb9DM5ZEW5njH0E6+Dqqytn12uODu4xdTqvvIE0=","A/Mw8kfrqwP9obO+4JBDS0eDD3NGvms7Hr08KLMkMw0=","I3EI8wie+XgBBRaN9SsnjRrYBjxVCcOXSFONKfcZpCY=","zRLHxAZxkCDT877TToj9nvQbfjYPrdWC5amA9YuL6gU=","yJVylJFK+RAOmV/h/XtI6k+Z1jilZwuCMXED6IFTMaE=","7xio3VzVD/Hwdrc3iONhyvLQtegAcvW6wshkcJ9lSrs=","DJ8PU9DW0xXVIfb53e/gYAxYRCC/Jlgr2j5Qjn5ruq8=","u6QjU93knxrusALbALX2HpxsnmZUddUtJb/QICV88J8=","KQRorVDmq7JvAicKWepBjd0T5XschCdM04wYfD4o4bY=","/JayzhmFDGmV56E2OOLO6Hzc+nIMwsIu1T571zKrWm0=","voAfBkJXOfy928Xv4X8wO0JUG21ezTzayz2ohKnoxAc=","Rk3sn5kpMH6FaiBbUyp3IO0rE0DzNInDdb8ubF/Dv5M=","UoRhaa/x3kWBmC+l+nB6lLJr4dWbKBvS3k1FrWYgB1o=","+bEzVzW9c40g844uRVMeUqXJ2KTS6wiHOXJIQmREHAw=","hEMGGZ5HLqYlUnEVVwJ/TvGeGedYp37cOkWBCnEX6Mk=","0rL+/R3Ec6ybWVcnHsfUw/cge4mW60oVBQykPTIm95w=","yQfOfr3qrK0R5Db0wPjM5g5MinP+Fm2M4ZhE/KdbrCI=","1xmQ+oubgtcpPH31T7Jo0zzMJfLwE3o5955MSBNwqlw=","TnoSSnu73yxa/sOYxZaVdD8XDAAri4YMmJ75C5PZIss=","ErEts3B0K52/s5E9I0cRpeyEwD4+7JGGnYDQcUo9LSA=","N2hmTuDJZDIK0Qp2C24O49zHNR9Kob2DymCrLwEhU5Q=","y1kZxREEvtIQ0/Qkk4p/vWGAV1gvHY1rr5+jocB+9ME=","FTt5ONElU77HfiyVfy9WmQ+avJA20Sw/lpITu+wcq6E=","qRlFAHpQ9av+fW+oUd8gVe/cMAYp9sRXOxh62Zg/SAo=","NoyNyRJI5EkPJnhN1YSRUWMh6naajqCWzekvqiKQkkQ=","zwfre1kx3eu7YwxycOgTb5naqllQWKu89kG19K+SPxU=","B1R1Tm3gcGx1w0pQMBxPvVfCrrPcT5IpdaGKLegg+qU=","O8iZxwJQ3/fVrFqSZWcyXCpaDa9uHm0Lc0MjXRNgo48=","XHDRBVjizTehJf9mALD4ValkpxVmuGfQvR0qHK644s4=","9YU5ymNzT4pW65WH9/L6X5LB4BTlcz63xR59yEGdOR4=","JYsyu0CvZ1J/QQ/e8PAgiseX8uWvo0tgu8Fes9p4M9Q=","SGuVQ0jwmZXXWVtP7sUGd74h4RAN4WDc46t8Cbh7lS0=","224OC974sjZMLiYZ5YHHeIU1Ow412e19/K4gLI5yaiQ=","INlpPFyB6+L+CmXvVJHkM2cn+4OI1jTsKANDxq8sJz0=","+EVHPmpau+cL77B0hHjMAcyucgl2eF80bQC1nSZfWzc=","SzXXSC4IKpBqtFWRlrR4QaJNCUWq5xl3U8gjGnmyU9M=","EjB9iRqOSFytgcV8fftZNgIg+INFc6ILyBn4i8QOzXs=","aBbjEzb8o51pxH/l/45TgH7m90aFpr6MM52+g1JLFdA=","jDVJSU5sGP7yn4p86ihsqUIGxatSOFAkceLAnUiz5Rw=","s1CNvXcdJsLIujnGRKkP9nbxe+KuR4mSWq4+6rmqHQs=","42kQGK83P3EDu2Y1tzeMBEbI41n2M4r1c9gzq+wbvBg=","33bTNB21ZcoHci/e94K4mcLOGACB9OzaCZimeEADDig=","qQGIqvy/wIOtZJqs99HHl14/hfC3bu73Ilu3i2ihSAU=","mpa0X9Mt4ovJ2pKeCX8TyE+28HLIWynPpfKjjpoQ7DU=","hsMyDCDD6m7YM8xEU/sduOShvxI1KiMjPqbS1ujgI40=","ptJqNcYpf7ZtfQKbivL98nZYpvTCCPDHa5fUPihG+XY=","1YJvGe2D5PJlbNBUSMDbF/5t4UpDqCjbi0p8JniXvc4=","leCW/jlc1FS0VCPZuq+/PcFbYOCrWY1xmAf4yaqjXWY=","ZkJ0Hv5hUCL9PT0SphrTktYWLUWJGbtjwIWWLvDzw54=","n2yxGkKxacZbcRqleq0s0Y7I9rOWQTfwDfK1vj3e6Hc=","3fxtrQIdb+fWBlMuoRQKDkWN95qcCzy4x+MF+YDQ1KY=","5EdPDH1VBdCRQ4QfqjnrARYBE3JKVEgjntH1wPCHjS4=","M+VUTjtvocy7gPs0tsrRj9A9/iXt+OLm0cHGUSazaS8=","j1ga2WJ+1KhE8RJrp7VxrEMNAKR2kVqeEdaebY/DeDo=","5AXu99FSzi7FnBeRHuzn3zE+5qDmzITSJ33PWTFZJqU="],"block_size":4096,"path":"vendor.bundle.js"}],"version":2}