{"file_hashes":[{"block_hashes":["LwQazl17+rSVYQBfW/WDINojhpyQSNBcpRn9G0MF3aQ=","Yrups5Pm/XzywqZPgmAPlX+72N8TpcnQpMh1/QQiYdY=","oswcbuLCrwzXi503oL4nM5fMiOTEeLpSkZSFkYL18yg=","C/wRxxDqOL1K/q2opEI+ijvIt2hYBzkNKSoVPuUXSOI=","Cb5e/KFk+Zd0O8ZN3ILrr9gGgTOjLjgImg9vgdWpcnc=","cpxxH1KQl0+/mvMViK6Q6DXgd89bWEn2++eyWkEmrPI=","UbImfnCj1spCsYumbKl8bsEpbPoaXdZ+9X61SK/V3LQ=","TxUCtmggnvyw83ksXt3n9I5SgsqiKLiJNlmC0Abn7O8="],"block_size":4096,"path":"Handlebar.js"},{"block_hashes":["hmd80EKg0Kcy15R2i0K3E/RxSKlgJqbVVsf1ZPRYyS8=","xl/bZhNVIJ2vdozA7NCE6McNlTNbFxRAPaeYMMP7apc="],"block_size":4096,"path":"background.js"},{"block_hashes":["Cwe9djsT0RDARuRR0AdAp/OV1JX0ab/PBXu+R433JMg="],"block_size":4096,"path":"devtools.html"},{"block_hashes":["Z2pMSKgQY9HqHZ4HdOjaZl/yoek2WQ5FL5e/xyE+bAA="],"block_size":4096,"path":"devtools.js"},{"block_hashes":["HKnoyNPzDhGAS2GnN44/6bwY3ttRD2dKaTNolDXdQxM=","KHoyLWqomfXbM0kvRYJ3Wfmqttplh0nFnt7mbD/Fw+M=","FB3fBnsHu9YEeP20hn65o4WXwOQjrMZvafJUdVsqxxg=","MMzh9X7HX9GZrEXglNuwTFRJFXEQU+kkYIxphN2GVh0=","iRkjAa22gfSmwzLs0WviZpDSJU4vbkhHjEpNQFdoDL8=","qAwPq+ATk0iqOGxXKZEhUvwb3cdMwQXcLlfMOjZO4eI=","waMKvB5xUa8TYB5Cs8oxZRbGcxHsZNsbcGvfq4sVkmk=","i8Y3H1MVKm3xepAxEIQlse6TXGV9CDBPqKfiBeyEocg=","vFi4gimQpepqAeHbfw9cfhyJBblwn98BUdMovJ0t/EM="],"block_size":4096,"path":"generated/axs.js"},{"block_hashes":["NgMMwy0s15ZXLAuiYow2u6l23ourvOBabyB6k/BtLC8=","DqgPwwAbyCzO9YviHW+auOkCCw7l4HcxaDzMGwSs51Q=","8AovWnxQ03iNYSPwKLqOrKwt0wfpa9B67JN9TlKFa0A=","1Vj3AxMXMMsX+ZgjM+mAdmk5EBijL7EBo6V3/tbYsIo=","KcPSTsjSHHXcocT9op31xmCo3VNP7+OPcOVgMoAu0XI=","rHCm0cGNQfcHLLUy6+kvW7O2m0v/nNraAGPZXPNeyAw="],"block_size":4096,"path":"generated/constants.js"},{"block_hashes":["/X0Q4QIPCJG7+kxcYW+Uzg2yxd4SHjY0OwDydahfYC4="],"block_size":4096,"path":"generated/extension_properties.js"},{"block_hashes":["TwdqBvIW5tBvOz0nMTk9+OAgTtqtHcjKZOTP6+nEt8o=","VSdj+Nw+mSMr9Gvd/D9o7fLr+eutSU7BBz4rLqjh7NI=","nJmQh+y2T4f+xWNYDh2Y51aptBjPCkIk34qMf2ak7Cw=","JLQ8NjWzFn/gNAWZvi594KAYNeT76EfuOZO3kNZtnhI="],"block_size":4096,"path":"generated/properties.js"},{"block_hashes":["RIfLKJOoiKMvEnp1Dm7Sv8DBL96TQqf+OEHKLiLWluA=","c+QXoLYB7wI6GW1ipU7ACYFsp3ZxplyDxJSiAWwpFAw=","ElWLola+JRQ/UrYzebaa4FD49TzwzB43g9BITDJL6gw=","WAclqsFmpgZ2FV2A7JJwFLzeC6/Sf+je8+CJIus8ZMw=","Pu5PoCfH/bJQRZCLxn0YdpGqiX5ZtKP1AHlMRKPMiaA=","cptuxK4bKCjgINN0DR7g0AD/SA5Bj6K68P8qsari45k=","obyZkw3HOSOR0r7FdPRF5hihlhbQ16mE5NzP5ApcUYw="],"block_size":4096,"path":"generated/utils.js"},{"block_hashes":["Y/IvXvxwjmQ2ZMQaC/V7X89EmoQdA0q7+KKspX95b48="],"block_size":4096,"path":"images/check.png"},{"block_hashes":["UAIdzknzr1m61OQnBjGHAvynAoSp68OeJoncQ7QPAaE="],"block_size":4096,"path":"images/speech-16.png"},{"block_hashes":["yLaGtra4nwihzzRSExNCUpjd236jp6L28vMwSzQCg3U="],"block_size":4096,"path":"images/warningIcon.png"},{"block_hashes":["EYbgZ0bh7QSds65vpBuLdaf2e7znF12EIf9fcJ/aJVY="],"block_size":4096,"path":"sidebar.css"},{"block_hashes":["4wEW+QF+IjR3Im6r2dbgl8gan0aTOvScgiNhZQuJbDw="],"block_size":4096,"path":"sidebar.html"},{"block_hashes":["Nb2GU/24H1HjJezs1xGnnawfCo88PwUXhnRF7zkkjt0=","OT8uPPdybq8ZAeQUzYIVF07KObbS/rN+z/6U9IjxNpg=","MwL/XDviUdP7sZn+5gjqst8BZATR0mfFzD4nSMNIj+8="],"block_size":4096,"path":"sidebar.js"},{"block_hashes":["DMaz+y++XBKb34hGm0zcF7js9FlKks6MSO9Lhe4oOrA="],"block_size":4096,"path":"templates/ariaProperties.html"},{"block_hashes":["nfhIVDtNM+TWzwK8Q1q9nxWZXeF9eh1rTjqpUNT2b68="],"block_size":4096,"path":"templates/ariaProperty.html"},{"block_hashes":["KcG7pcQUREM4WnRkmQ0hmAXDUdCjDs/iwP1krRnaz4M="],"block_size":4096,"path":"templates/colorProperties.html"},{"block_hashes":["mme4V8Rk/MiXlhgHfmQfSv81yV3NGtBE1wWBKMa0QDE="],"block_size":4096,"path":"templates/deprecation.html"},{"block_hashes":["9m1BpQjzgunliflpOXqHrk3pTfivUNhuSO7sLxmmeWc="],"block_size":4096,"path":"templates/empty.html"},{"block_hashes":["4wg4rUdLAQwWU96POsRwpsHGBVNZfzQrSC5+jWeRZKk="],"block_size":4096,"path":"templates/focusProperties.html"},{"block_hashes":["sBeiSJOq67vVCT3V7F1V5gPaQDs/geYTLnMxreE6b2I="],"block_size":4096,"path":"templates/labelProperties.html"},{"block_hashes":["u7XQnvQ/0ai434QfYC8AJHmNLp7rXFV9JfNRPxq7atM="],"block_size":4096,"path":"templates/noAccessibilityInformation.html"},{"block_hashes":["hfvsJ4kmyCdc3nWfWMpzChvKGIi9wrPI5Z/Z4NZNVyw="],"block_size":4096,"path":"templates/textProperties.html"},{"block_hashes":["DdDXuNbhTSFbLrdEHP1ivfiHURRtwD4jc6eX/0QqlmE="],"block_size":4096,"path":"templates/videoProperties.html"}],"version":2}